E#VALUE!,,,
0,,,
0:05,2:00,0:05,
0:19,7:36,,
0:30,12:00,,
0:43,17:12,0:43,
0:47,18:48,,
0:55,22:00,,
0:55,22:00,#VALUE!,
1:30,0:00,,
1:52,0:00,,
1:52,0:00,,
1:54,0:00,,
2:36,0:00,,
3:07,0:00,,
3:21,0:00,,
3:36,0:00,,
3:37,0:00,,
3:37,0:00,,
3:54,0:00,,
4:01,0:00,,
4:20,0:00,,
4:22,0:00,,
4:24,0:00,,
4:45,0:00,,
4:46,0:00,,
4:56,0:00,,
5:02,0:00,,
5:22,0:00,,
5:24,0:00,,
5:30,0:00,,
5:53,0:00,,
6:01,0:00,,
6:08,0:00,,
6:32,0:00,,
6:37,0:00,,
7:14,0:00,,
7:21,0:00,,
7:31,0:00,,
7:38,0:00,,
7:49,0:00,,
7:58,0:00,,
8:29,0:00,,
8:47,0:00,,
8:52,0:00,,
8:59,0:00,,
9:00,0:00,,
9:02,0:00,,
9:02,0:00,,
9:13,0:00,,
9:15,0:00,,
9:25,0:00,,
9:47,0:00,,
9:52,0:00,,
10:22,0:00,,
10:25,0:00,,
10:39,0:00,,
10:43,0:00,,
10:54,0:00,,
11:07,0:00,,
11:14,0:00,,
11:14,0:00,,
11:25,0:00,,
12:03,0:00,,
12:07,0:00,,
12:59,0:00,,
13:15,0:00,,
13:15,0:00,,
13:35,0:00,,
13:37,0:00,,
14:12,0:00,,
14:19,0:00,,
14:35,0:00,,
14:37,0:00,,
14:42,0:00,,
14:49,0:00,,
15:13,0:00,,
15:16,0:00,,
15:19,0:00,,
15:20,0:00,,
15:31,0:00,,
16:00,0:00,,
16:02,0:00,,
16:08,0:00,,
16:09,0:00,,
16:16,0:00,,
16:16,0:00,,
16:21,0:00,,
17:01,0:00,,
17:12,0:00,,
17:12,0:00,,
17:23,0:00,,
17:30,0:00,,
17:31,0:00,,
17:31,0:00,,
17:33,0:00,,
17:41,0:00,,
17:52,0:00,,
18:05,0:00,,
18:11,0:00,,
18:50,0:00,,
20:14,0:00,,
20:35,0:00,,
21:04,0:00,,
22:08,0:00,,
22:13,0:00,,
22:15,0:00,,
22:17,0:00,,
22:21,0:00,,
22:37,0:00,,
22:42,0:00,,
22:46,0:00,,
22:50,0:00,,
23:00,0:00,,
23:04,0:00,,
23:11,0:00,,
23:20,0:00,,
23:27,0:00,,
23:30,0:00,,
23:32,0:00,,
23:35,0:00,,
23:39,0:00,,
23:45,0:00,,
23:45,0:00,,
23:54,0:00,,23:54
24:02:00,0:00,0:02:00,0:02
24:24:00,0:00,24:24:00,
24:33:00,0:00,24:33:00,
24:35:00,0:00,24:35:00,
24:47:00,0:00,24:47:00,
24:52:00,0:00,24:52:00,
25:09:00,0:00,25:09:00,
25:09:00,0:00,25:09:00,
25:12:00,0:00,25:12:00,
25:35:00,0:00,25:35:00,
25:46:00,0:00,25:46:00,
25:55:00,0:00,25:55:00,
25:56:00,0:00,25:56:00,
25:56:00,0:00,25:56:00,
26:17:00,0:00,26:17:00,
26:35:00,0:00,26:35:00,
26:44:00,0:00,26:44:00,
26:45:00,0:00,26:45:00,
26:50:00,0:00,26:50:00,
26:56:00,0:00,26:56:00,
27:16:00,0:00,27:16:00,
27:20:00,0:00,27:20:00,
27:22:00,0:00,27:22:00,
27:25:00,0:00,27:25:00,
27:26:00,0:00,27:26:00,
27:29:00,0:00,27:29:00,
27:41:00,0:00,27:41:00,
27:42:00,0:00,27:42:00,
27:56:00,0:00,27:56:00,
28:01:00,0:00,28:01:00,
28:03:00,0:00,28:03:00,
28:16:00,0:00,28:16:00,
28:16:00,0:00,28:16:00,
28:22:00,0:00,28:22:00,
28:23:00,0:00,28:23:00,
28:24:00,0:00,28:24:00,
28:24:00,0:00,28:24:00,
28:25:00,0:00,28:25:00,
28:25:00,0:00,28:25:00,
28:26:00,0:00,28:26:00,
28:26:00,0:00,28:26:00,
28:26:00,0:00,28:26:00,
28:26:00,0:00,28:26:00,
28:26:00,0:00,28:26:00,
28:28:00,0:00,28:28:00,
28:31:00,0:00,28:31:00,
28:34:00,0:00,28:34:00,
28:37:00,0:00,28:37:00,
28:40:00,0:00,28:40:00,
28:53:00,0:00,28:53:00,
29:54:00,0:00,29:54:00,
29:58:00,0:00,29:58:00,
30:14:00,0:00,30:14:00,
30:23:00,0:00,30:23:00,
30:58:00,0:00,30:58:00,
31:05:00,0:00,31:05:00,
31:09:00,0:00,31:09:00,
31:25:00,0:00,31:25:00,
31:26:00,0:00,31:26:00,
31:26:00,0:00,31:26:00,
31:26:00,0:00,31:26:00,
31:28:00,0:00,31:28:00,
31:29:00,0:00,31:29:00,
31:29:00,0:00,31:29:00,
31:30:00,0:00,31:30:00,
31:30:00,0:00,31:30:00,
31:30:00,0:00,31:30:00,
31:31:00,0:00,31:31:00,
31:35:00,0:00,31:35:00,
31:35:00,0:00,31:35:00,
31:36:00,0:00,31:36:00,
31:36:00,0:00,31:36:00,
31:36:00,0:00,31:36:00,
31:37:00,0:00,31:37:00,
31:37:00,0:00,31:37:00,
31:45:00,0:00,31:45:00,
31:46:00,0:00,31:46:00,
31:49:00,0:00,31:49:00,
31:49:00,0:00,31:49:00,
31:53:00,0:00,31:53:00,
31:57:00,0:00,31:57:00,
32:01:00,0:00,32:01:00,
32:10:00,0:00,32:10:00,
32:24:00,0:00,32:24:00,
32:33:00,0:00,32:33:00,
32:38:00,0:00,32:38:00,
32:49:00,0:00,32:49:00,
32:51:00,0:00,32:51:00,
33:46:00,0:00,33:46:00,
33:47:00,0:00,33:47:00,
33:50:00,0:00,33:50:00,
33:59:00,0:00,33:59:00,
34:04:00,0:00,34:04:00,
34:07:00,0:00,34:07:00,
34:09:00,0:00,34:09:00,
34:28:00,0:00,34:28:00,
34:56:00,0:00,34:56:00,
35:08:00,0:00,35:08:00,
35:18:00,0:00,35:18:00,
35:32:00,0:00,35:32:00,
35:35:00,0:00,35:35:00,
36:53:00,0:00,36:53:00,
36:54:00,0:00,36:54:00,
37:09:00,0:00,37:09:00,
37:51:00,0:00,37:51:00,
38:21:00,0:00,38:21:00,
38:49:00,0:00,38:49:00,
38:52:00,0:00,38:52:00,
39:03:00,0:00,39:03:00,
39:51:00,0:00,39:51:00,
39:51:00,0:00,39:51:00,
39:51:00,0:00,39:51:00,
39:54:00,0:00,39:54:00,
39:59:00,0:00,39:59:00,
40:00:00,0:00,40:00:00,
40:01:00,0:00,40:01:00,
40:10:00,0:00,40:10:00,
40:27:00,0:00,40:27:00,
40:30:00,0:00,40:30:00,
41:05:00,0:00,41:05:00,
41:23:00,0:00,41:23:00,
43:19:00,0:00,43:19:00,
43:22:00,0:00,43:22:00,
43:27:00,0:00,43:27:00,
43:32:00,0:00,43:32:00,
43:39:00,0:00,43:39:00,
43:41:00,0:00,43:41:00,
43:54:00,0:00,43:54:00,
43:57:00,0:00,43:57:00,
44:12:00,0:00,44:12:00,
44:22:00,0:00,44:22:00,
44:26:00,0:00,44:26:00,
44:28:00,0:00,44:28:00,
45:21:00,0:00,45:21:00,
45:26:00,0:00,45:26:00,
46:11:00,0:00,46:11:00,
46:14:00,0:00,46:14:00,
46:16:00,0:00,46:16:00,
46:17:00,0:00,46:17:00,
46:19:00,0:00,46:19:00,
46:23:00,0:00,46:23:00,
46:24:00,0:00,46:24:00,
46:29:00,0:00,46:29:00,
46:51:00,0:00,46:51:00,
47:09:00,0:00,47:09:00,
47:26:00,0:00,47:26:00,
47:28:00,0:00,47:28:00,
48:19:00,0:00,48:19:00,
48:32:00,0:00,48:32:00,
48:40:00,0:00,48:40:00,
48:49:00,0:00,48:49:00,
48:55:00,0:00,48:55:00,
49:11:00,0:00,49:11:00,
49:21:00,0:00,49:21:00,
49:34:00,0:00,49:34:00,
49:42:00,0:00,49:42:00,
49:51:00,0:00,49:51:00,
50:06:00,0:00,50:06:00,
50:11:00,0:00,50:11:00,
50:13:00,0:00,50:13:00,
50:15:00,0:00,50:15:00,
50:20:00,0:00,50:20:00,
50:24:00,0:00,50:24:00,
50:27:00,0:00,50:27:00,
50:31:00,0:00,50:31:00,
50:39:00,0:00,50:39:00,
50:41:00,0:00,50:41:00,
50:42:00,0:00,50:42:00,
50:42:00,0:00,50:42:00,
50:43:00,0:00,50:43:00,
50:44:00,0:00,50:44:00,
50:45:00,0:00,50:45:00,
50:45:00,0:00,50:45:00,
50:46:00,0:00,50:46:00,
50:47:00,0:00,50:47:00,
50:49:00,0:00,50:49:00,
50:50:00,0:00,50:50:00,
50:51:00,0:00,50:51:00,
50:51:00,0:00,50:51:00,
50:53:00,0:00,50:53:00,
50:53:00,0:00,50:53:00,
50:55:00,0:00,50:55:00,
50:57:00,0:00,50:57:00,
50:59:00,0:00,50:59:00,
51:01:00,0:00,51:01:00,
51:02:00,0:00,51:02:00,
51:05:00,0:00,51:05:00,
51:08:00,0:00,51:08:00,
51:14:00,0:00,51:14:00,
51:18:00,0:00,51:18:00,
51:21:00,0:00,51:21:00,
51:27:00,0:00,51:27:00,
51:28:00,0:00,51:28:00,
51:45:00,0:00,51:45:00,
51:47:00,0:00,51:47:00,
51:49:00,0:00,51:49:00,
51:58:00,0:00,51:58:00,
52:01:00,0:00,4:01,
52:05:00,0:00,52:05:00,
52:07:00,0:00,52:07:00,
52:09:00,0:00,52:09:00,
52:14:00,0:00,52:14:00,
52:26:00,0:00,52:26:00,
52:36:00,0:00,52:36:00,
52:54:00,0:00,52:54:00,
53:14:00,0:00,53:14:00,
53:18:00,0:00,53:18:00,
53:23:00,0:00,53:23:00,
53:36:00,0:00,53:36:00,
53:49:00,0:00,53:49:00,
53:59:00,0:00,53:59:00,
54:36:00,0:00,54:36:00,
56:31:00,0:00,56:31:00,
56:45:00,0:00,56:45:00,
57:13:00,0:00,57:13:00,
57:27:00,0:00,57:27:00,
57:30:00,0:00,57:30:00,
57:32:00,0:00,57:32:00,
57:33:00,0:00,57:33:00,
57:35:00,0:00,57:35:00,
57:39:00,0:00,57:39:00,
57:39:00,,57:39:00,
57:48:00,,57:48:00,
57:52:00,,57:52:00,
57:55:00,,57:55:00,
58:22:00,,58:22:00,
58:24:00,,58:24:00,
58:25:00,,58:25:00,
58:26:00,,58:26:00,
58:28:00,,58:28:00,
58:30:00,,58:30:00,
58:32:00,,58:32:00,
58:32:00,,58:32:00,
58:33:00,,58:33:00,
58:35:00,,58:35:00,
58:37:00,,58:37:00,
58:52:00,,58:52:00,
59:18:00,,59:18:00,
59:54:00,,59:54:00,
1:00:03,,,
1:00:06,,,
1:00:06,,,
1:00:07,,,
1:00:10,,,
1:00:24,,,
1:00:26,,,
1:00:27,,,
1:00:31,,,
1:01:14,,,
1:01:17,,,
1:01:46,,,
1:01:47,0:42,,
1:01:48,0:43,,
1:01:49,0:43,,
1:01:49,0:43,,
1:01:51,0:44,,
1:01:52,0:44,,
1:01:54,0:45,,
1:01:55,0:46,,
1:01:56,0:46,,
1:01:57,0:46,,
1:02:01,0:48,,
1:02:01,0:48,,
1:02:06,0:50,,
1:02:16,0:54,,
1:02:16,0:54,,
1:03:12,1:16,,
1:04:13,1:41,,
1:04:34,1:49,,
1:04:35,1:50,,
1:04:37,1:50,,
1:04:46,1:54,,
1:05:20,2:08,,
1:05:27,2:10,,
1:05:35,2:14,,
1:05:35,2:14,,
1:05:44,2:17,,
1:06:06,2:26,,
1:06:07,2:26,,
1:06:12,2:28,,
1:06:34,2:37,,
1:06:36,2:38,,
1:06:51,2:44,,
1:07:15,2:54,,
1:07:39,3:03,,
1:07:51,3:08,,
1:08:08,3:15,,
1:08:19,3:19,,
1:08:23,3:21,,
1:08:26,3:22,,
1:08:42,3:28,,
1:08:54,3:33,,
1:09:01,3:36,,
1:09:07,3:38,,
1:09:26,3:46,,
1:09:28,3:47,,
1:09:53,3:57,,
1:10:05,4:02,,
1:10:09,4:03,,
1:10:19,4:07,,
1:10:20,4:08,,
1:10:28,4:11,,
1:10:50,4:20,,
1:11:00,4:24,,
1:11:05,4:26,,
1:11:09,4:27,,
1:11:10,4:28,,
1:11:26,4:34,,
1:11:29,4:35,,
1:11:31,4:36,,
1:11:34,4:37,,
1:11:39,4:39,,
1:11:41,4:40,,
1:11:43,4:41,,
1:11:50,4:44,,
1:11:55,4:46,,
1:11:59,4:47,,
1:12:01,,,
1:12:33,,,
1:12:39,,,
1:12:39,,,
1:13:04,,,
1:13:14,,,
1:13:56,,,
1:13:57,,,
1:14:02,,,
1:14:17,,,
1:14:31,,,
1:14:34,,,
1:15:08,,,
1:15:27,,,
1:15:30,,,
1:15:42,,,
1:15:47,,,
1:15:55,,,
1:15:58,,,
1:16:10,,,
1:16:12,,,
1:16:52,,,
1:16:55,,,
1:16:55,,,
1:16:58,,,
1:17:21,,,
1:17:23,,,
1:17:43,,,
1:17:45,,,
1:17:45,,,
1:17:46,,,
1:17:46,,,
1:17:48,,,
1:17:48,,,
1:17:48,,,
1:17:49,,,
1:17:49,,,
1:17:50,,,
1:17:50,,,
1:17:51,,,
1:17:52,,,
1:17:53,,,
1:17:53,,,
1:17:53,,,
1:17:55,,,
1:17:55,,,
1:17:56,,,
1:17:57,,,
1:18:00,,,
1:18:11,,,
1:18:13,,,
1:18:28,,,
1:18:48,,,
1:18:55,,,
1:18:56,,,
1:19:02,,,
1:19:24,,,
1:19:32,,,
1:19:37,,,
1:19:38,,,
1:19:56,,,
1:20:03,,,
1:20:24,,,
1:20:24,,,
1:20:29,,,
1:20:29,,,
1:20:30,,,
1:20:32,,,
1:21:18,,,
1:21:57,,,
1:21:57,,,
1:22:02,,,
1:22:10,,,
1:22:18,,,
1:22:37,,,
1:23:20,,,
1:23:34,,,
1:23:54,,,
1:23:58,,,
1:24:01,,,
1:24:04,,,
1:24:05,,,
1:24:06,,,
1:24:15,,,
1:24:17,,,
1:24:18,,,
1:24:28,,,
1:24:39,,,
1:25:32,,,
1:25:44,,,
1:25:47,,,
1:25:54,,,
1:25:57,,,
1:26:04,,,
1:26:28,,,
1:26:51,,,
1:26:59,,,
1:27:13,,,
1:27:28,,,
1:27:45,,,
1:27:45,,,
1:27:47,,,
1:27:47,,,
1:27:49,,,
1:27:51,,,
1:27:52,,,
1:27:53,,,
1:27:53,,,
1:27:53,,,
1:27:55,,,
1:27:57,,,
1:28:00,,,
1:28:01,,,
1:28:04,,,
1:28:11,,,
1:28:15,,,
1:28:25,,,
1:28:29,,,
1:29:11,,,
1:29:19,,,
1:29:25,,,
1:29:29,,,
1:29:30,,,
1:29:34,,,
1:29:36,,,
1:29:39,,,
1:29:40,,,
1:29:53,,,
1:29:54,,,
1:30:36,,,
1:30:58,,,
1:31:18,,,
1:31:18,,,
1:31:23,,,
1:31:25,,,
1:31:26,,,
1:31:28,,,
1:31:29,,,
1:31:30,,,
1:31:33,,,
1:31:37,,,
1:31:54,,,
1:31:58,,,
1:32:35,,,
1:32:39,,,
1:33:06,,,
1:33:07,,,
1:33:14,,,
1:33:16,,,
1:33:18,,,
1:33:18,,,
1:33:18,,,
1:33:24,,,
1:33:29,,,
1:34:05,,,
1:34:19,,,
1:34:29,,,
1:34:34,,,
1:34:35,,,
1:34:42,,,
1:34:46,,,
1:34:51,,,
1:35:06,,,
1:35:16,,,
1:35:21,,,
1:35:24,,,
1:35:26,,,
1:35:40,,,
1:35:41,,,
1:35:53,,,
1:35:59,,,
1:36:10,,,
1:36:12,,,
1:36:20,,,
1:36:22,,,
1:36:29,,,
1:36:34,,,
1:36:36,,,
1:36:43,,,
1:36:44,,,
1:36:54,,,
1:36:55,,,
1:37:08,,,
1:37:10,,,
1:37:12,,,
1:37:15,,,
1:37:26,,,
1:37:35,,,
1:37:44,,,
1:37:45,,,
1:37:48,,,
1:37:49,,,
1:37:54,,,
1:37:59,,,
1:38:01,,,
1:38:07,,,
1:38:10,,,
1:38:22,,,
1:38:32,,,
1:38:33,,,
1:38:38,,,
1:38:39,,,
1:38:42,,,
1:38:44,,,
1:38:55,,,
1:39:28,,,
1:39:30,,,
1:39:43,,,
1:39:49,,,
1:40:24,,,
1:40:28,,,
1:40:31,,,
1:40:31,,,
1:40:32,,,
1:40:32,,,
1:40:33,,,
1:40:37,,,
1:40:48,,,
1:40:49,,,
1:40:54,,,
1:40:55,,,
1:40:56,,,
1:41:17,,,
1:41:29,,,
1:41:32,,,
1:41:43,,,
1:41:46,,,
1:41:49,,,
1:42:06,,,
1:42:26,,,
1:42:35,,,
1:42:38,,,
1:43:25,,,
1:43:26,,,
1:43:28,,,
1:43:48,,,
1:44:11,,,
1:44:44,,,
1:44:44,,,
1:44:45,,,
1:44:48,,,
1:44:52,,,
1:44:53,,,
1:44:53,,,
1:44:53,,,
1:44:57,,,
1:44:57,,,
1:44:59,,,
1:45:01,,,
1:45:01,,,
1:45:10,,,
1:45:17,,,
1:45:22,,,
1:45:26,,,
1:45:33,,,
1:45:37,,,
1:45:39,,,
1:45:44,,,
1:45:44,,,
1:45:47,,,
1:45:53,,,
1:45:54,,,
1:46:15,,,
1:46:40,,,
1:46:53,,,
1:47:02,,,
1:47:03,,,
1:47:05,,,
1:47:05,,,
1:47:06,,,
1:47:07,,,
1:47:07,,,
1:47:07,,,
1:47:08,,,
1:47:09,,,
1:47:09,,,
1:47:09,,,
1:47:10,,,
1:47:10,,,
1:47:12,,,
1:47:12,,,
1:47:12,,,
1:47:13,,,
1:47:13,,,
1:47:14,,,
1:47:14,,,
1:47:20,,,
1:47:20,,,
1:47:20,,,
1:47:22,,,
1:47:24,,,
1:47:25,,,
1:47:28,,,
1:47:29,,,
1:47:29,,,
1:47:32,,,
1:47:32,,,
1:47:37,,,
1:47:42,,,
1:47:55,,,
1:47:57,,,
1:47:57,,,
1:47:59,,,
1:48:15,,,
1:48:20,,,
1:48:43,,,
1:48:48,,,
1:48:50,,,
1:48:50,,,
1:48:57,,,
1:48:58,,,
1:49:02,,,
1:49:05,,,
1:49:12,,,
1:49:13,,,
1:49:43,,,
1:50:03,,,
1:50:12,,,
1:50:14,,,
1:50:15,,,
1:50:24,,,
1:50:36,,,
1:50:41,,,
1:50:45,,,
1:50:46,,,
1:50:47,,,
1:50:51,,,
1:51:15,,,
1:51:17,,,
1:51:25,,,
1:51:53,,,
1:52:02,,,
1:52:35,,,
1:52:54,,,
1:52:55,,,
1:53:22,,,
1:53:50,,,
1:53:50,,,
1:53:53,,,
1:53:59,,,
1:54:01,,,
1:54:15,,,
1:54:21,,,
1:54:31,,,
1:54:32,,,
1:54:32,,,
1:54:33,,,
1:54:42,,,
1:55:24,,,
1:55:26,,,
1:56:18,,,
1:56:20,,,
1:56:38,,,
1:57:12,,,
1:57:24,,,
1:57:25,,,
1:57:30,,,
1:57:56,,,
1:58:06,,,
1:58:34,,,
1:58:57,,,
1:58:57,,,
1:59:03,,,
2:00:23,,,
2:00:30,,,
2:00:50,,,
2:01:36,,,
2:01:38,,,
2:02:31,,,
2:03:03,,,
2:03:06,,,
2:03:06,,,
2:03:07,,,
2:03:08,,,
2:03:16,,,
2:03:20,,,
2:03:20,,,
2:03:32,,,
2:03:34,,,
2:04:05,,,
2:04:17,,,
2:04:18,,,
2:04:26,,,
2:04:36,,,
2:04:37,,,
2:04:38,,,
2:04:39,,,
2:04:48,,,
2:04:57,,,
2:05:08,,,
2:05:09,,,
2:05:11,,,
2:05:14,,,
2:05:14,,,
2:05:16,,,
2:05:28,,,
2:05:39,,,
2:05:40,,,
2:05:46,,,
2:05:46,,,
2:05:54,,,
2:06:01,,,
2:06:03,,,
2:06:05,,,
2:06:05,,,
2:06:17,,,
2:06:22,,,
2:06:32,,,
2:06:38,,,
2:06:39,,,
2:06:48,,,
2:06:54,,,
2:06:55,,,
2:06:56,,,
2:07:06,,,
2:07:09,,,
2:07:12,,,
2:07:14,,,
2:07:16,,,
2:07:16,,,
2:07:17,,,
2:07:17,,,
2:07:35,,,
2:07:40,,,
2:07:42,,,
2:07:54,,,
2:08:10,,,
2:08:21,,,
2:08:35,,,
2:08:37,,,
2:08:50,,,
2:09:13,,,
2:09:16,,,
2:09:16,,,
2:09:22,,,
2:09:24,,,
2:09:48,,,
2:10:23,,,
2:10:36,,,
2:10:40,,,
2:10:41,,,
2:10:41,,,
2:10:45,,,
2:10:45,,,
2:10:47,,,
2:10:47,,,
2:10:49,,,
2:10:51,,,
2:10:52,,,
2:10:53,,,
2:10:53,,,
2:10:54,,,
2:10:55,,,
2:10:57,,,
2:11:01,,,
2:11:02,,,
2:11:03,,,
2:11:03,,,
2:11:11,,,
2:11:13,,,
2:11:13,,,
2:11:15,,,
2:11:17,,,
2:11:19,,,
2:11:22,,,
2:11:50,,,
2:11:54,,,
2:11:56,,,
2:12:14,,,
2:12:38,,,
2:12:45,,,
2:12:45,,,
2:12:55,,,
2:13:07,,,
2:13:17,,,
2:13:19,,,
2:13:26,,,
2:13:32,,,
2:13:32,,,
2:13:50,,,
2:13:50,,,
2:13:52,,,
2:13:54,,,
2:13:54,,,
2:13:55,,,
2:14:03,,,
2:14:10,,,
2:14:17,,,
2:14:25,,,
2:14:28,,,
2:14:37,,,
2:14:40,,,
2:14:43,,,
2:14:45,,,
2:14:46,,,
2:14:48,,,
2:14:54,,,
2:15:06,,,
2:15:09,,,
2:15:10,,,
2:15:27,,,
2:15:28,,,
2:15:28,,,
2:15:30,,,
2:15:31,,,
2:15:33,,,
2:15:33,,,
2:15:34,,,
2:15:40,,,
2:15:43,,,
2:15:44,,,
2:15:49,,,
2:15:49,,,
2:15:52,,,
2:16:28,,,
2:16:29,,,
2:16:44,,,
2:16:48,,,
2:16:49,,,
2:16:51,,,
2:16:52,,,
2:16:55,,,
2:16:57,,,
2:17:08,,,
2:17:08,,,
2:17:11,,,
2:17:22,,,
2:17:37,,,
2:17:45,,,
2:17:51,,,
2:17:51,,,
2:17:55,,,
2:18:01,,,
2:18:05,,,
2:18:09,,,
2:18:41,,,
2:18:50,,,
2:18:51,,,
2:18:53,,,
2:18:55,,,
2:18:56,,,
2:18:59,,,
2:19:01,,,
2:19:03,,,
2:19:06,,,
2:19:09,,,
2:19:29,,,
2:19:34,,,
2:19:38,,,
2:19:50,,,
2:19:51,,,
2:19:55,,,
2:19:56,,,
2:20:17,,,
2:20:45,,,
2:20:52,,,
2:20:54,,,
2:21:08,,,
2:21:16,,,
2:21:20,,,
2:21:33,,,
2:21:36,,,
2:21:44,,,
2:21:46,,,
2:22:10,,,
2:22:30,,,
2:22:30,,,
2:22:39,,,
2:23:03,,,
2:23:12,,,
2:23:24,,,
2:23:27,,,
2:23:30,,,
2:23:31,,,
2:23:34,,,
2:23:38,,,
2:23:39,,,
2:23:40,,,
2:23:41,,,
2:23:45,,,
2:23:52,,,
2:23:57,,,
2:23:58,,,
2:23:59,,,
2:24:27,,,
2:24:31,,,
2:24:38,,,
2:24:39,,,
2:24:45,,,
2:24:49,,,
2:24:55,,,
2:25:04,,,
2:25:28,,,
2:25:39,,,
2:25:53,,,
2:25:54,,,
2:25:56,,,
2:25:57,,,
2:26:01,,,
2:26:03,,,
2:26:05,,,
2:26:33,,,
2:26:35,,,
2:26:46,,,
2:26:49,,,
2:27:54,,,
2:27:55,,,
2:27:56,,,
2:27:58,,,
2:28:21,,,
2:28:23,,,
2:28:55,,,
2:29:00,,,
2:29:10,,,
2:29:30,,,
2:29:50,,,
2:30:02,,,
2:30:25,,,
2:30:35,,,
2:30:43,,,
2:30:46,,,
2:30:50,,,
2:30:53,,,
2:30:54,,,
2:31:04,,,
2:31:10,,,
2:31:11,,,
2:31:19,,,
2:31:40,,,
2:31:41,,,
2:31:41,,,
2:31:45,,,
2:32:03,,,
2:32:03,,,
2:32:05,,,
2:32:08,,,
2:32:15,,,
2:32:20,,,
2:32:20,,,
2:32:26,,,
2:32:27,,,
2:32:31,,,
2:32:34,,,
2:32:54,,,
2:33:04,,,
2:33:05,,,
2:33:19,,,
2:33:36,,,
2:34:08,,,
2:34:12,,,
2:34:34,,,
2:34:41,,,
2:34:51,,,
2:34:58,,,
2:35:07,,,
2:35:14,,,
2:35:20,,,
2:35:20,,,
2:35:34,,,
2:35:46,,,
2:35:57,,,
2:36:08,,,
2:36:14,,,
2:36:14,,,
2:36:15,,,
2:36:16,,,
2:36:20,,,
2:36:21,,,
2:36:37,,,
2:36:37,,,
2:36:54,,,
2:36:55,,,
2:37:04,,,
2:37:08,,,
2:37:09,,,
2:37:35,,,
2:37:43,,,
2:37:49,,,
2:38:02,,,
2:38:05,,2:38:05,
2:38:15,,2:38,
2:38:31,,15:24:24,
2:38:34,,,
2:38:37,,,
2:38:37,,,
2:38:39,,,
2:38:39,,,
2:38:41,,,
2:38:43,,,
2:38:45,,,
2:38:45,,,
2:38:45,,,
2:38:49,,,
2:38:55,,,
2:39:03,,,
2:39:03,,,
2:39:53,,,
2:39:56,,,
2:39:59,,,
2:40:05,,,
2:40:18,,,
2:40:45,,,
2:40:59,,,
2:41:17,,,
2:41:23,,,
2:41:24,,,
2:41:32,,,
2:41:41,,,
2:41:44,,,
2:42:02,,,
2:42:07,,,
2:42:12,,,
2:42:29,,,
2:42:33,,,
2:42:43,,,
2:43:07,,,
2:43:10,,,
2:43:11,,,
2:43:12,,,
2:43:13,,,
2:43:13,,,
2:43:14,,,
2:43:15,,,
2:43:17,,,
2:43:17,,,
2:43:33,,,
2:44:36,,,
2:44:46,,,
2:45:07,,,
2:45:08,,,
2:45:16,,,
2:45:17,,,
2:45:20,,,
2:45:23,,,
2:45:28,,,
2:45:30,,,
2:45:41,,,
2:45:53,,,
2:45:56,,,
2:45:58,,,
2:46:04,,,
2:46:20,,,
2:46:34,,,
2:46:36,,,
2:46:45,,,
2:46:46,,,
2:46:51,,,
2:47:43,,,
2:48:02,,,
2:48:05,,,
2:48:06,,,
2:48:08,,,
2:48:14,,,
2:48:48,,,
2:48:53,,,
2:48:58,,,
2:49:31,,,
2:49:40,,,
2:50:06,,,
2:50:19,,,
2:50:21,,,
2:50:23,,,
2:50:37,,,
2:50:48,,,
2:51:06,,,
2:51:10,,,
2:51:17,,,
2:51:19,,,
2:51:22,,,
2:52:08,,,
2:52:09,,,
2:52:10,,,
2:52:23,,,
2:52:32,,,
2:52:32,,,
2:52:58,,,
2:53:02,,,
2:53:07,,,
2:53:24,,,
2:53:31,,,
2:53:33,,,
2:53:34,,,
2:53:41,,,
2:53:46,,,
2:54:11,,,
2:54:12,,,
2:54:17,,,
2:54:29,,,
2:54:35,,,
2:54:37,,,
2:54:38,,,
2:54:44,,,
2:54:52,,,
2:54:58,,,
2:54:58,,,
2:55:10,,,
2:55:16,,,
2:55:40,,,
2:55:42,,,
2:55:42,,,
2:55:43,,,
2:55:45,,,
2:55:45,,,
2:55:46,,,
2:55:46,,,
2:55:50,,,
2:55:50,,,
2:55:54,,,
2:55:58,,,
2:55:58,,,
2:56:00,,,
2:57:14,,,
2:57:16,,,
2:57:26,,,
2:57:33,,,
2:57:50,,,
2:58:00,,,
2:58:07,,,
2:59:00,,,
2:59:14,,,
2:59:18,,,
2:59:25,,,
2:59:44,,,
3:00:48,,,
3:00:51,,,
3:01:06,,,
3:01:23,,,
3:01:36,,,
3:02:19,,,
3:02:32,,,
3:02:32,,,
3:03:01,,,
3:03:43,,,
3:03:44,,,
3:03:44,,,
3:04:07,,,
3:04:15,,,
3:04:28,,,
3:04:35,,,
3:04:42,,,
3:04:49,,,
3:04:57,,,
3:05:06,,,
3:05:15,,,
3:05:21,,,
3:05:24,,,
3:05:27,,,
3:05:30,,,
3:05:38,,,
3:05:43,,,
3:05:50,,,
3:05:50,,,
3:06:03,,,
3:06:03,,,
3:06:05,,,
3:06:08,,,
3:06:09,,,
3:06:10,,,
3:06:20,,,
3:06:34,,,
3:06:51,,,
3:06:51,,,
3:07:03,,,
3:07:19,,,
3:07:29,,,
3:07:37,,,
3:08:03,,,
3:08:07,,,
3:08:07,,,
3:08:45,,,
3:08:58,,,
3:09:00,,,
3:09:07,,,
3:09:09,,,
3:09:10,,,
3:09:17,,,
3:09:18,,,
3:09:19,,,
3:09:22,,,
3:09:23,,,
3:09:30,,,
3:09:35,,,
3:09:57,,,
3:10:06,,,
3:10:07,,,
3:10:13,,,
3:10:14,,,
3:10:39,,,
3:10:46,,,
3:10:48,,,
3:10:53,,,
3:10:58,,,
3:11:00,,,
3:11:07,,,
3:11:08,,,
3:11:17,,,
3:11:18,,,
3:11:19,,,
3:11:20,,,
3:11:20,,,
3:11:20,,,
3:11:22,,,
3:11:23,,,
3:11:24,,,
3:11:26,,,
3:11:27,,,
3:11:33,,,
3:11:33,,,
3:11:55,,,
3:12:06,,,
3:12:18,,,
3:12:21,,,
3:12:24,,,
3:12:25,,,
3:12:26,,,
3:12:41,,,
3:12:42,,,
3:12:58,,,
3:13:03,,,
3:13:10,,,
3:13:13,,,
3:13:25,,,
3:13:32,,,
3:13:47,,,
3:13:56,,,
3:14:16,,,
3:14:17,,,
3:14:18,,,
3:14:29,,,
3:15:00,,,
3:15:12,,,
3:15:13,,,
3:15:14,,,
3:15:16,,,
3:15:16,,,
3:15:19,,,
3:15:22,,,
3:15:22,,,
3:15:23,,,
3:15:28,,,
3:15:36,,,
3:15:48,,,
3:15:50,,,
3:16:03,,,
3:16:20,,,
3:16:31,,,
3:16:37,,,
3:16:49,,,
3:17:00,,,
3:17:03,,,
3:17:11,,,
3:17:22,,,
3:17:23,,,
3:17:23,,,
3:17:27,,,
3:17:38,,,
3:17:47,,,
3:17:48,,,
3:17:51,,,
3:17:59,,,
3:18:03,,,
3:18:17,,,
3:18:19,,,
3:18:19,,,
3:18:26,,,
3:18:28,,,
3:18:29,,,
3:18:29,,,
3:18:30,,,
3:18:31,,,
3:18:31,,,
3:18:32,,,
3:18:33,,,
3:18:35,,,
3:18:37,,,
3:18:39,,,
3:18:45,,,
3:18:46,,,
3:18:49,,,
3:19:22,,,
3:19:27,,,
3:19:33,,,
3:19:34,,,
3:19:52,,,
3:20:03,,,
3:20:08,,,
3:20:21,,,
3:20:22,,,
3:20:36,,,
3:20:40,,,
3:20:43,,,
3:20:51,,,
3:21:13,,,
3:21:16,,,
3:21:22,,,
3:21:22,,,
3:21:29,,,
3:21:29,,,
3:21:33,,,
3:21:46,,,
3:21:47,,,
3:21:49,,,
3:21:49,,,
3:21:49,,,
3:21:49,,,
3:21:52,,,
3:21:54,,,
3:21:56,,,
3:22:10,,,
3:22:16,,,
3:22:21,,,
3:22:43,,,
3:22:43,,,
3:22:54,,,
3:23:04,,,
3:23:09,,,
3:23:14,,,
3:23:17,,,
3:23:19,,,
3:23:21,,,
3:23:35,,,
3:23:35,,,
3:23:40,,,
3:23:44,,,
3:23:51,,,
3:23:54,,,
3:24:02,,,
3:24:02,,,
3:24:13,,,
3:24:40,,,
3:24:56,,,
3:25:28,,,
3:25:35,,,
3:25:38,,,
3:25:43,,,
3:25:47,,,
3:25:54,,,
3:26:22,,,
3:26:22,,,
3:26:42,,,
3:26:52,,,
3:26:57,,,
3:27:17,,,
3:27:23,,,
3:27:34,,,
3:27:45,,,
3:27:45,,,
3:27:46,,,
3:27:48,,,
3:28:10,,,
3:28:16,,,
3:28:20,,,
3:28:23,,,
3:28:38,,,
3:28:52,,,
3:29:03,,,
3:29:09,,,
3:29:10,,,
3:29:11,,,
3:29:13,,,
3:29:14,,,
3:29:14,,,
3:29:15,,,
3:29:15,,,
3:29:15,,,
3:29:17,,,
3:29:17,,,
3:29:17,,,
3:29:18,,,
3:29:18,,,
3:29:18,,,
3:29:22,,,
3:29:22,,,
3:29:23,,,
3:29:23,,,
3:29:23,,,
3:29:24,,,
3:29:26,,,
3:29:26,,,
3:29:28,,,
3:29:29,,,
3:29:37,,,
3:29:55,,,
3:30:05,,,
3:30:05,,,
3:30:10,,,
3:30:10,,,
3:30:11,,,
3:30:22,,,
3:30:32,,,
3:30:55,,,
3:31:16,,,
3:31:26,,,
3:31:44,,,
3:31:48,,,
3:31:55,,,
3:32:01,,,
3:32:02,,,
3:32:02,,,
3:32:11,,,
3:32:19,,,
3:32:21,,,
3:32:22,,,
3:32:30,,,
3:32:47,,,
3:32:52,,,
3:32:58,,,
3:33:13,,,
3:33:19,,,
3:34:33,,,
3:34:36,,,
3:34:37,,,
3:34:37,,,
3:34:42,,,
3:34:43,,,
3:34:44,,,
3:34:49,,,
3:34:54,,,
3:34:56,,,
3:34:56,,,
3:34:57,,,
3:35:00,,,
3:35:17,,,
3:35:36,,,
3:35:38,,,
3:35:39,,,
3:35:54,,,
3:36:19,,,
3:36:20,,,
3:37:35,,,
3:37:40,,,
3:37:51,,,
3:39:08,,,
3:39:25,,,
3:40:10,,,
3:40:35,,,
3:40:41,,,
3:41:08,,,
3:41:17,,,
3:41:34,,,
3:42:20,,,
3:42:31,,,
3:42:31,,,
3:42:54,,,
3:43:05,,,
3:43:06,,,
3:43:06,,,
3:43:19,,,
3:43:22,,,
3:43:32,,,
3:43:33,,,
3:43:45,,,
3:46:13,,,
3:46:17,,,
3:46:27,,,
3:47:03,,,
3:47:15,,,
3:47:36,,,
3:47:43,,,
3:47:44,,,
3:47:44,,,
3:47:44,,,
3:47:45,,,
3:47:47,,,
3:47:48,,,
3:47:49,,,
3:47:49,,,
3:47:49,,,
3:47:50,,,
3:47:51,,,
3:47:52,,,
3:47:52,,,
3:47:52,,,
3:47:54,,,
3:47:54,,,
3:47:55,,,
3:47:56,,,
3:47:57,,,
3:47:58,,,
3:47:59,,,
3:47:59,,,
3:48:08,,,
3:48:13,,,
3:48:24,,,
3:48:26,,,
3:48:33,,,
3:48:36,,,
3:48:39,,,
3:48:51,,,
3:48:54,,,
3:48:54,,,
3:48:55,,,
3:48:58,,,
3:48:59,,,
3:48:59,,,
3:49:01,,,
3:49:02,,,
3:49:03,,,
3:49:06,,,
3:49:11,,,
3:49:15,,,
3:49:16,,,
3:49:17,,,
3:49:20,,,
3:49:23,,,
3:49:24,,,
3:49:24,,,
3:49:25,,,
3:49:28,,,
3:49:29,,,
3:50:06,,,
3:50:24,,,
3:50:25,,,
征EE,,,
征EE,,,
こんはるE,,,
こんはるE,,,
​こんEるE,,,
こんはめE,,,
こんにちハルハル,,,
こんはるE,,,
こんはめE,,,
こんにちは,,,
こんはめE,,,
こんはるE,,,
こんはるEです！E,,,
こんはるE,,,
乁EE通知くんが生きてめE,,,
永遠に言ってめE,,,
こんはるES3はフラチEラインですか,,,
フラチEラインの横反動って抑えれるんですかEE,,,
\EEEE!!!/,,,
なんとびっくり,,,
しゅごい,,,
すごぁEす！笁E,,,
めEは難ぁE,,,
パターンリコイル覚えたらぁEる！なぁE,,,
こんはるE,,,
レレレ撁Eするときに頭混乱しなぁEE,,,
リコイル覚えてるEすごぁEぁE,,,
こんはる、E,,,
こんはるE,,,
こんはる、E,,,
もう等倍いらなぁEめE,,,
こんはるE,,,
こんはるE,,,
あとはサイト付いてた方がかっこいぁEめEEE,,,
こんはるE,,,
まあ実際アサルトライフルって重いからね,,,
エイム勝負になっちめEねぁE,,,
こんはる、E,,,
こんはるE,,,
2PTめEるEは荁E,,,
こんはるEEE,,,
こんばんE,,,
Twitter,,,
こんにちはー,,,
荁E,,,
Eスター,,,
Lスターくん・・・,,,
こんはめE,,,
こんはるE,,,
こんはるE,,,
こんはめE,,,
虚空もEータルも強ぁE,,,
こんにちは,,,
AポEズバグすき,,,
EEE,,,
レイスのが使用玁EがるEかな,,,
厳つぁEチEしてるな,,,
こんはるE,,,
ブラチEハウンドEどぁEす！E,,,
レイスだと生存率上がってるなと思う,,,
クリプトが案外屁EぁEE,,,
初手紫はあちち,,,
こんはる、E,,,
今Eは敵でしたね・・・,,,
挽回するしかなぁE,,,
クリプト強ぁE思うのは自刁EけだろうぁE,,,
クリプトって強ぁEすEよE,,,
荁E,,,
こEゲーム壊れてめE,,,
せっかくドローン出してもエイム強老E壊される,,,
EMP,,,
強すぎてびっくり,,,
つよいねぁE,,,
ショチEガンプロ,,,
メイドインお寿司,,,
今でもE刁E,,,
スピファ強ぁEすかEE,,,
カーゴボットE爁Eで死にかけるEがつらい,,,
たしかに,,,
ハEチE持ち替え遅ぁEE,,,
エネアモ武器敁EE悩みEE,,,
素ボックずっと持ってたくなぁEらなぁE,,,
こんはるE,,,
なんだかんだ,,,
また、EぁE器使ってたw,,,
フラトラ前Eボロクソ言ってたEにね・・・,,,
使ぁEなせなぁE態から使わなぁEぁEなぁEてことぁE,,,
タボチャ拾えたら使おうくらぁEE,,,
フラトラを信じて使ぁEけててほんとよかっぁE,,,
タボチャあったって喜んだらレシーバEだったこと多い,,,
なぁEぁEE,,,
あれEスピファイつよくねEE,,,
一周回ってスピットファイアのヘッショダメージが評価されてきたな,,,
なぁEぁE,,,
なぁEぁEE,,,
弾数の暴力がめEEぁE,,,
弾幕Eパワーだからな,,,
こんはるE,,,
スピファ挙動が気持ち悪ぁE,,,
まぁEMGだしE,,,
何気にレイスオシャレだよE、ネイルとか塗ってるし,,,
フラトラって近距離どれくらい火力でるEEE,,,
チャーライに横槍Eれられるのホント嫌だな,,,
ジブゲーミング,,,
フラトラと,,,
暑苦しいなぁE,,,
ジブラルタル強ぁE思うんだ,,,
こんはめE,,,
荁E,,,
荁E,,,
セル引っこ抜くEだるいんじめEE,,,
こんはめE,,,
チャーライマジでストレスマッハ武器,,,
トリプルチEクと同じぐらぁEE落ちるよぁEしよぁE,,,
こんはるE,,,
先Eレーザーを２かEダメにしてくれ,,,
めEと楽しいけどめEれると鬱陶しいよEx,,,
アーマE割れるスピEドがえげつなぁE,,,
反動もなぁEEずるだよなぁ笁E,,,
雁EストEカーに追われてぁEす！E,,,
砂が強ぁE墁Eとひたすらにヘイトしか集めなぁEぁEね・・・,,,
敵とめE合ってる時に遠くからEちってくるのがまじくぁE,,,
チャーライはそもそも支援物賁E器枠かと思ってたわ,,,
こんはるE,,,
ただ詰める判断出来なぁE多いからぁEぁEけで致命傷になりにくいのが救ぁE,,,
こんはるEEE,,,
他Eゲームでもチャージ系SRが強ぁE代はインフレの始まりでした・・・,,,
チャーライのおかげで漁夫しやすくなったよね,,,
回復がどんどん削れてぁE,,,
お手軽アーマE破壊くめE,,,
あいつら電車にひかれなぁEな,,,
こんはる、今期EEEEｲのせいでセル不足になめE,,,
こんにち ハEチEもフラトラも上手くなるにはひたすらリコイル練習！E,,,
こんはるE今日は早ぁEすE,,,
今シーズンはセル雁E大事だよE,,,
新品E青Eスだって欲しいレベルめE,,,
オクタンもなぁEと思ったらまぁEるし,,,
ドケチバンガ,,,
金LESTARは悲しい,,,
宝部屋空くE明後日とかだっけ！E,,,
エルスターとチャーライ入れ替えても問題なさそぁE,,,
PS4だとLスターも強ぁEらE・・,,,
EEEEｲウザすぎて牁ESRか翼男持って弾枠減らしてセル持ってますわ,,,
こんはるE,,,
荁E,,,
荁E,,,
スピファもあたる,,,
ナイスゥ,,,
味方もつよい,,,
フィニッシュが活かされとめE,,,
相対皁Eフィニッシャーが大事になるとは,,,
あ～うまぁEじゃァEE,,,
はぁEE断,,,
2,,,
ふたりともすぐEるじめE,,,
またソロモーチE,,,
民度が…,,,
なぁEぁEE,,,
まぁE生EイントなぁE,,,
ナイスゥEE,,,
ナイスゥ,,,
なぁEぁEE,,,
野良ソロになりがち,,,
つよい,,,
ナイスゥ,,,
ぁEぁEE,,,
ナイスゥEE,,,
すげぁE,,,
さすはめE,,,
つんよぁE,,,
もう民度はかなぐり捨ててる定期,,,
まあこの段階じめEE生E無琁EぁE,,,
ナイスゥ,,,
つよすぎぃ,,,
流石にフルパEぁEさそぁE,,,
琁Eは漁夫,,,
争え...,,,
上下と外だと外Eが一番つらいねぁE,,,
回復勝負になるか,,,
GG,,,
つらい,,,
殴りE草ですわ,,,
荁E,,,
gg,,,
ああああ,,,
おっしい,,,
おしぁE,,,
EEE,,,
gg,,,
gg,,,
おしぁE,,,
んE、おしい,,,
gg フルアーマEで荁E,,,
ワンチャンあったな・・・,,,
gg,,,
EEE,,,
倒しちめEけなぁEだっぁE,,,
おしー,,,
おしぁEぁE,,,
金バチEなら勝ってたな,,,
gg,,,
蘁E通ったEが神すぎたけど惜しかっぁE,,,
金バチEなめE,,,
おしすぎぁE,,,
金アーマEなら巻けた,,,
今日もE気に2800DmgオーバEである,,,
殴りも荁E,,,
それはサモナEズリフトマップでなぁEE！E,,,
こんはるE,,,
こんはるE,,,
金バチEあったらワンチャンあったE,,,
金バチE金Eル金盾なら勝てって言われてぁE,,,
自己蘁EしてたときE敵の焦り方おもしろかっぁE,,,
金バチE持って金盾蘁EするとアーマE回復するのね、しらんかっぁE,,,
こうめE状況になったら金バチEマジで可能性感じさせるE,,,
同じバッジ付けるEまだできるんだ,,,
追突事故で荁E,,,
ふぁEEE,,,
ナイスゥ,,,
なぁE,,,
ナイスゥ,,,
後ろから殴られなければ生き残るハル吁E,,,
こんにちわａE,,,
きんたまけいさつもﾁEEEE,,,
金玉のおかげで金アイチE持ち多くなった気がする,,,
これはチEムなら使えるチEでは,,,
アンビル金枠の器じゃなぁEなEE,,,
ゲーミングマウスあるある,,,
DPI変更するの使ぁE面ってあるのかなってぁEも思う,,,
タボチャは使ぁE器どっちも純強化だもんなぁE,,,
あつそうあつそう,,,
焼きナスアーマE,,,
gg,,,
gg,,,
それは無琁EぁE,,,
gg,,,
gg,,,
ハEポッポつえE,,,
つらい,,,
ふむふむ,,,
アーマE削れた瞬間ダウンするから恐ろしい,,,
こんはるE,,,
今味方が理解できなぁE動してめE,,,
金玉EEE,,,
99,,,
おじさんのきんたま,,,
ぁEぁE,,,
初見です、E,,,
きゃんたまおいしい,,,
渋谷ハル「玉おぁEぁE、E,,,
みかたちめEぁE,,,
きんたま結構飛んでるしね,,,
こんはるEEE,,,
チEタマを喜んでカチ割る渋ハル,,,
6桁E数字をスラっと読むの草生える,,,
きんたまにも青入ってたE,,,
初コメでぁE,,,
こんはめE,,,
結局途中抜けペナルチE実裁EれたのEE,,,
可愛い,,,
荁E,,,
こんはるEでぁE,,,
荁E,,,
荁E,,,
屈伸コミュニケーション,,,
エントリー料倍と,,,
こE前ランクでダウン即抜けぁEめE,,,
シューチEング系ゲーム程毎日の練習が大事なことはなぁE思う,,,
街物賁Eいな,,,
初動は完Eにガチャだから全武器使えるに越したことは無ぁEなおモザチE,,,
使える武器が多けれE多いほど有利、LoLのチャンプEールに近い何かがあめE,,,
こんはるEチEムにクリプトぁEとめEぱ違うEE,,,
モザビも使えるに越したことはなぁEだよなぁ…使ぁEくなぁEど,,,
EE👏👏,,,
火力E塁E,,,
今きぁEこんはるE,,,
長距離めEるE強ぁEなハEチE,,,
まあモザビも今シーズンは明確にパンチよりE強くなったと思うから無ぁEりEシだとは思う,,,
タボチャのレアリチE紫にして欲しい,,,
荁E,,,
荁E,,,
荁E,,,
出荷よａE,,,
荁E,,,
シールド回復ができるからE震ぁE,,,
こんはるE,,,
レイスの出荷くるおしぁEどすき,,,
あっ,,,
えE,,,
ぁE,,,
EE,,,
あっ,,,
あ･EE,,,
wtf,,,
ぁEわE,,,
ここでぁE、、E,,,
ぁE,,,
これだけE改喁Eく欲しいな,,,
あららE・,,,
初期の頁Eもいだすわ,,,
あ…,,,
これはEAの敗北,,,
ぁE,,,
あら,,,
生き返れ生き返れ・・・,,,
RIP,,,
CS勢だけどマッチ中はハル君ほどは落ちなぁEめE,,,
キルも取れてたEにもったいなぁE,,,
ハルくん楽しかったでぁE,,,
エラーメチEージとか表示されずに落ちるEかなEE,,,
CSはあんま落ちなぁEねぁE,,,
これランクでもなります！E,,,
アプデの度に先祖返りする気か,,,
コマンドラインでmaxthreadsぁEぬん言ってるよね,,,
私も落ちることなぁEですよね・・PC版だけど,,,
こんはるEEE,,,
確かに初期もそぁEったな・・・Apexさせてくれーってハル君が叫んでた頁E思い出ぁE,,,
初期の頁EEあんま知らなぁEEですけど、こんなに落ちたんですかEEE?,,,
9700が落ちるんだっけか,,,
CPUの相性だっぁE,,,
私もちめEちめE落ちますE,,,
普段めE鯖とか関係なぁEE,,,
こんはるE確実に増えてはぁE気すめE,,,
さっきEオクタンです。ありがとぁEざいましたEE,,,
コア数の多いCPUと相性が悪ぁEEE,,,
環墁Eえてる人の方が落ちてるイメージあるのよなぁE,,,
初期はこれに合わせてチEターがEどかったからなぁE,,,
へぁE,,,
学校おわったE、こんEるE,,,
そうだっけか…,,,
人気やべーぞってなって1ヶ月くらいで一気に増えたよね,,,
ぱぶじE楽しかったですまめE,,,
あれE０ダメなんだよE,,,
..........,,,
バンガの「私Eよ」がきけるEか！E,,,
曜日感覚が・・・,,,
金曜にカレー食べるみたいなことするべきでは,,,
おなじバチEをつける方法教えてください,,,
海の上だからね,,,
こんはるE,,,
潜水艦とかでのカレーにはそうぁE意味あるで,,,
海で曜日感覚無くなるかめE,,,
海の上で曜日感覚忘れなぁEめE,,,
あるで,,,
長期に海洋で活動するE業はだぁEぁEんな,,,
定期メンチEあるゲームをやろう,,,
教えてくれてありがとぁEざいまぁE,,,
つっめE,,,
見え見えだぜ！E,,,
なぁEぁEE,,,
つっめE,,,
なぁEぁE,,,
なぁEぁE,,,
EｽEﾌﾗ無ぁEEが最強,,,
はえEすっごい,,,
つっめE,,,
迫真ディヴォーション部再開あるなー,,,
こんにちはEE,,,
タボチャなくてもこれだからチEヴォはめEられなぁE,,,
送E金バレがなぁE、暴れ馬と化しますからE、、、E,,,
金バレルそんな効果あったEぁE,,,
Lスター君にも付けさせてクレメンスEE,,,
教えてぁEだき感謝しまぁE,,,
こんはる、弾にエネルギーぶち込んでるんでしょ,,,
ストックはADSする時E速さでしたっけ！E,,,
ほしいときに限ってなぁEEがタボチャ,,,
リコイルEE,,,
ハルくんが落ちた試合ですが、E位でしたE楽しい試合でしたEE,,,
サプレチEーは音だしなぁE,,,
フラチEュハイダーEE,,,
乁EEE部活感謁E,,,
視界確保E老EたことなかっぁE,,,
gg,,,
gg,,,
GG,,,
EEE,,,
gg,,,
gg,,,
金武器のパEチEせるよぁEなんEーかなー,,,
EE,,,
gg,,,
ストックは武器刁E替え速度、覗き込み、AIM時E揺れを抑制すE,,,
gg,,,
先手アークスター,,,
gg,,,
gg,,,
gg,,,
グレかテルミッチE,,,
プレチEーが上手ぁEだったらって発言こわひ,,,
効玁Eに漁りつつ動くルートとかも覚えるまで冁E追われめEぁEすよね,,,
こんばんEニャEE*´ω｀*)❤,,,
ブラハ君つよつめE,,,
今EEEEEﾝ結構リング際かなり多い,,,
かなり敵多い,,,
P2020アキンボできたらアチE,,,
マップが庁EなったせぁE気づくとアンチに追われてキワキワに・・・,,,
なぁEー,,,
せめてもう1人とは同時に行けなぁE辛い,,,
一回目はぁEとして2回目の篁E迫ってるEに漁り続ける人とか結構･EE,,,
こんはるE,,,
パスファインダー,,,
カーゴにハEポ乗るEE,,,
こEマップ山と山の間や洞窟だったりで狭ぁE路通らなぁE冁EEれなぁE況多いから、リング意識かなり忁EすよE,,,
ハルさん声,,,
ハルさん声かわぁE💛,,,
こんはめE,,,
中距離で割って地獁EE底まで追ぁEける構E,,,
細ぁE多いもんね,,,
渓谷かトンネル通らなぁEぁEなぁE増えましたよE,,,
こんはるａE,,,
渋谷ハル焼ぁE,,,
すぐ挟まれる,,,
こんはめE,,,
溶岩地帯はもうちめE上がりやすくしてクレメンス,,,
なぁEぁE,,,
そこの下E部マグマだと思ってぁE,,,
地形ダメとかいぁEｓ要素,,,
こんはるE,,,
刁Eみ深ぁE,,,
ガラス割れてもろて,,,
真ん中の動けばおしめEだっぁE,,,
そうぁEば泳ぐ要素なぁEね,,,
しかもジチEE乗るのも一旦飛EなぁEアカンのもÁE,,,
回転ドア,,,
泳ぁEる間撁EなぁEとが大抵だしなぁE,,,
列車庫だか燃料庫はパスに上E方とられてきつぁEEが何回もあめE,,,
最近EチEEが洪水で沈んだCoDくんの話はめEろぉEE,,,
BFとCODにありましたね泳ぁE..,,,
こE家の下も引っ掛かりやすくて嫌いではある,,,
謎高層ビル,,,
なぁEー,,,
BFは雰囲気ゲーだし泳ぐEはありだと思う,,,
ひめEーつよい,,,
なぁEぁEE,,,
鮮めEだっぁE,,,
スピファのぁEEんこの感がすごぁE,,,
ナイスゥ,,,
スピファは初動だと強ぁE,,,
なぁEぁEE,,,
もしチEム戦の場合カバンだとハル君持つとぁEのか他が持つ方がいぁEEぁE,,,
背中で語る,,,
なぁEぁEE,,,
なぁEぁE,,,
ハEポつえぇ,,,
p2020つっよいんですE,,,
ハEポE現役めE,,,
Twitterで話題になったE,,,
ただの紫バック扱ぁEぁEと思うめE,,,
ライフラと相性ぁEね,,,
レイスとか送EれるしEータルで蘁E役持てそう,,,
金EルジブEEE,,,
クリプトは金Eル投げめE,,,
無琁Eり起こしても半刁Eらい体力あるからマジで強ぁE,,,
こんちわぁEE,,,
金バチEEｲEﾗE無琁Eり起こして即戦力E祁E,,,
nihon,,,
金メチEは今んとこジブが良さげかなぁと思ってめE,,,
金アーマEでジブシールドE中だとどれくらい回復早くなるんだろ･EE,,,
おいしい,,,
ジブシールドをジブドールに空目して地獁E見た,,,
ジブシールドEは金ｱEEｰ優先で重褁EなぁEEぁE,,,
EEE,,,
ggwp,,,
gg,,,
EEEE!EEE,,,
gg,,,
gg,,,
GGWP,,,
ナイスゥEE,,,
重褁EなぁEEか･EE,,,
NAISUU,,,
gg,,,
ggwp,,,
gg,,,
ナイスゥEE,,,
放物線描ぁEる敵に当てるEぁEぁE,,,
EEE,,,
ggwp,,,
ggwp,,,
gg,,,
GGWP,,,
珍しくチャーライ見なかっぁE,,,
こんはるａE,,,
実感わかなかったけどシールドEめEぱり回復早ぁEEEE,,,
チャーライぁEぁEストレス減るね,,,
何だこEライダーみたいなコースチEチE,,,
最終安置で結構残ってる武器種変わってるイメージある,,,
ちめEぽん部隁E,,,
チャーライ以外Eスナならまだ許せるめE,,,
ケリンさんEEE,,,
めEめEめE,,,
バッジ三つだから倒す時も三人で殴りにかかるEがセオリーなのか、E,,,
さっきみぁE,,,
チEャチE,,,
悲しいなぁE,,,
再放送E,,,
かわぁEぁEEEE,,,
再放送か,,,
あっ,,,
別部隊だってぁEようになったし,,,
ライトニング✡タカシ,,,
部隊数なんとなくEかるのありがたぁE,,,
別パE報告本と助かる,,,
プレイヤーが知り得なぁEと言ってくれるEぁEぁEなぁE,,,
ライフラ回収無琁E,,,
これはきつぁEE,,,
野良してたら開幕目の前に4人ジブ屁E草生えた,,,
なぁEぁEE,,,
ナイス,,,
ひええええぁE,,,
ナイスゥ,,,
きがぬけなーぁE,,,
なぁEぁE,,,
ナイス,,,
物賁E収する時間が…,,,
報酬が無ぁE,,,
ブラチE戦場…,,,
何E成果も得られませんでしたEEEEE,,,
かなしみ,,,
これはひどぁEE,,,
見せもんじゃねぁEEE,,,
僕を見なぁE,,,
見世物とかした渋谷ハル,,,
クリプトって覗き見しめEぁEEぁE,,,
是が非でも漁夫りたぁE,,,
新マップ漁夫きすぎて辛い,,,
なぁEぁE,,,
青Eスが今EあったけぁE,,,
コースチEチE最悪武器なくても場所取れるE強ぁEEぁE,,,
なぁEぁEE,,,
ナイスゥ,,,
ありますEぁEE,,,
なぁEぁEE,,,
おいしい,,,
ぁEガス,,,
大送Eある,,,
良ぁEE,,,
ぁEぁE,,,
見事なキルだ,,,
良ぁEEコレ,,,
ナイスゥEE,,,
見事なキルだEE,,,
おいしすぎる,,,
ありますEぁEE,,,
箱がいっぱぁE,,,
ダブル99EａE,,,
セレクトEラウラ,,,
R9999,,,
こんはるａE,,,
1足したぁE,,,
どっちも拡張マガジンぁEの付いてるし,,,
頭わるわる構Eだなぁw,,,
Rフォーナインだ,,,
スモークの中に突撃裁E,,,
バンガ強そう,,,
実際1本だけだと不安になったしありありのあり,,,
近距離は最強,,,
R10998.9E込EE,,,
3ベスよこせぇEE,,,
多すぎんなぁE,,,
E(^o^)EｵEﾀ,,,
EEEEEEEEEE,,,
おC,,,
gg,,,
gg,,,
gg,,,
gg,,,
gg,,,
gg,,,
gg,,,
漁夫祭めE,,,
それはある,,,
ショチEガンの出番減った気がする,,,
みんな身の安EがEだから強ぁEンジが伸びたらそうなるわ・・・,,,
環墁E使用玁E下げてぁE。世E常,,,
SGの間合ぁE入れなぁEだよなぁE,,,
バトロワの醍E味の漁夫の利、、E,,,
屋EめEE蔽物顔EしEめEぱり強ぁE态E,,,
インファイト好きだもんね,,,
こんちぁE,,,
eva8,,,
あれだけ暴れてたハマEくんぁEくなって悲しい,,,
ハルくんが近距離型だからね,,,
チャージライフル持った陰キャたちが遠くからEちペちしてくるから、ほんとインファイトしにくい、、、E,,,
あっチャージライフルに慣れすぎた砂におすすめのセレクトハボックさんだEE,,,
なぁEぁE,,,
なぁEぁE,,,
セレクトハボックさんは、、いぁEでしたよ、、、E,,,
なぁEぁEし！E,,,
ハEチE好きだけど強ぁEEEE,,,
こんにちは、渋ハル見てるか〜！E,,,
チャーライぁE,,,
金玉EE,,,
こんはるE,,,
こんはるE,,,
玉健康状態ヨシEE,,,
ハンマEポイント楽しくてすきモザンビEクすき,,,
カーゴボットって上撃てば一発で壊れるEぁE..,,,
こんにちハEーーー,,,
修正して欲しい、、チャーライ、、Eくからノータイムで届いてあE威力はせこぁE,,,
早朝？Eはつめさんとの金たま笑いましたw,,,
話大きく変わるけど今週末台風直撁EE恐れとか怖すぎ問顁E,,,
渋ハルめEたがりだから金バチE微妙よね,,,
初期最強候補あった気がするスピファさんも、E,,,
ライフラ屁Eらバック上げてしまぁE,,,
どんな修正来るかなぁEチャーライ,,,
しかも今季最凶台風の予定だぁE,,,
台風ヤダですE,,,
家から出なくても電気止まりました,,,
ぁE、、でしょEE,,,
F1日本、PJS、スプラ甲子園近畿、紁E夢等、E響多すぎなんだよなぁE・・,,,
え、それE、、E,,,
こE前E台風より強ぁEEぁE,,,
プラウラーなんならリコイル簡単になってもいぁEだよな,,,
コロチEを量産する作業に戻るんだ,,,
プラウらにセレファ標準でつけて,,,
頼むからもう十Eには来なぁEくれ……,,,
東方でござ,,,
東方のオンリーだね,,,
私E台風よ（バンガ並EE,,,
東方っぽぁEて言ぁE関西の東方即売会でござ,,,
紁E夢は大阪の東方オンリーだったか,,,
金バチEは上手ぁE優先で皁E手ぁEらライフラ最優先次点でレイスジブバンガとかかな,,,
アンビルレシーバEは強ぁEEEあったらぁEな程度EE,,,
プラウラーくん、完Eに,,,
十E直撁EE実家周りがまた死ぬ・・・,,,
台風は災害のこと、これE低気圧めE,,,
あEね,,,
増えるオクタン,,,
道連れってか踏み台にされて99復帰したんだぁE,,,
ナイスゥ,,,
多E次直撁Eたら私E死ぬ(マジで),,,
一応現在のコースとしては九州からまたも当たる予定！E9号さんEE,,,
屋根は吹っ飛Eし電気E使えなくなるし床とか天井E腐るし……めEてくれぁE,,,
こんはるE,,,
クリプトくんの,,,
67ダメは荁E,,,
EEE,,,
なぁEはまぽ,,,
金ヨロイぁEー,,,
なぁEぁE,,,
フラチEラインくんに恐れおEのきましたね,,,
ナイス,,,
ナイスゥ,,,
パスファインダー後期垁E,,,
HPは個人差あるから…,,,
ハンマE2020つよいなーw,,,
裁EがEり輝き出したな・・・,,,
なぁEぁEす！E,,,
カバEあちーち,,,
カバEありがてぁE,,,
もうここまで台風来るとなると慣れすぎて対策できてる沖縁E建築かもしくE豪雪用になってる北海道型建築が最強ではEと感じてしまぁE,,,
つぁE、うっ血アーマEから金たま裁Eに,,,
敵さん殺意高すぁE,,,
カバEなかったらアウだった…,,,
強ぁEと言ぁEがら後打ちで追ぁEってめE,,,
金Eか裁E,,,
これヤバイな,,,
守護天使してもろて,,,
そうかカバンあると蘁E間に合うようになるEぁE,,,
こんにちめE,,,
予想通り、E,,,
こりめEピEキーくんか、、E,,,
斜め上から来てましたね,,,
かっこいぁE,,,
圧倒的脳筁E,,,
微妙に建物の形違うのあるよE,,,
ナイスゥ,,,
困惑するしぶある,,,
ナイスゥ,,,
強行突破,,,
倒せばモーマンタイ,,,
なぁEぁEEE,,,
さてあと1部隁E,,,
ナイスゥ,,,
こEPTつよつよやね,,,
つよい,,,
金アーマE二人とかつっめE,,,
金玉を蹴りつける,,,
傾斜EさっきEより急なのに氷の針状のとこE登れるとぁE,,,
これはかったろ,,,
バッグもだ,,,
金ピカに光ってますEパEチEぁE,,,
さらに金バチEを支援する強老E,,,
こんはるE,,,
こんはる、E,,,
こんはるａE,,,
盾出たら面白かっぁE,,,
こんはる〜系統の能力どぁEったEEE,,,
ハンマE2020が良ぁEじに刺さりそうな構E,,,
味方の武器も見れるよぁEなったら武器の種類とかが刁EったEかりの初忁EEとってはありがたぁEすE、、E,,,
かったな,,,
ggwp,,,
ナイスゥEE,,,
EEEａE,,,
なぁEぁEEE,,,
ggwp,,,
EE👏👏,,,
ggwp,,,
ぁE味方,,,
GG,,,
あEねぇgg,,,
gg,,,
GG,,,
gg,,,
EEEE!!,,,
ggwp,,,
ggwp!!,,,
EEE,,,
ggwp,,,
GG,,,
ggwp,,,
ggwp!,,,
GGWP,,,
gg,,,
じEじE,,,
ダメ出てるな,,,
良ぁEメージ,,,
3000惜しぁEEE,,,
ギリギリ,,,
EE,,,
めEれたと思ったらちめEぽんだっぁE,,,
こんハル,,,
ただしアーカイブにはある,,,
こんはめE,,,
録画忘れってマ！E,,,
こんはるでぁE,,,
高評価ポチポチEE,,,
今やってたらフルカスチEヴォ持ったジブに蹂躙された……,,,
荁E,,,
レイスはE０００ダメ狙う用にEE,,,
しつこいくらぁEった方がいぁEは聞く,,,
はえE,,,
あかんバレてまぁEE,,,
ちE、、登録してることバレましたか、、E,,,
ふぁEりすさん9割登録してなぁEか言ってたEw,,,
私Eしてます！E,,,
流れ星でも流れたか,,,
2.08丁EとぁE悲しみであるEハルくん,,,
エピセンの氷は大刁Eれるイメージ,,,
んちめEE,,,
中遠距離戦が主体になったEに弱体化食らったオルタと,,,
陽キャビEム,,,
レイスの坊主スキン怖いんだけど,,,
現在趁E悪の陽キャビEムくん,,,
こんはるａE,,,
三つ編みの髪型スキン下さぁE,,,
レイス、もっとかわぁEスキンだして,,,
チャージライフルが飛E交ぁEEライブハウスのよう,,,
チャージライフル威力がどれだけ下がっても継続ダメがある時点で早、E廁EはならなさそぁE,,,
そら実験体だからね。頭は剁Eれる,,,
可哀想なチャーライくん,,,
チャーライはスチEEジ照明だったE・・EE,,,
99,,,
旧マップちめEちめEめEたくなりまぁE,,,
チャーライくんはスピファと同じ道を辿ってしまぁEEぁE..,,,
最近追っかけっこ流行りなのかなEE,,,
お世話になっております、E,,,
ブロスフゥンダルすき,,,
すっぁE,,,
新たな陰キャポジ,,,
ランクマだと良さそぁEポジ,,,
お世話になっております、E,,,
EE👏👏,,,
今あたってたよねE？！E,,,
今EナイスめっちめEイフライン,,,
ぎりぎり,,,
ナイスゥ,,,
EE👏👏,,,
こんはる、E,,,
相変わらずエロぁE,,,
送EったかもしれEぁE..,,,
初見でぁE,,,
遮蔽多ところと少なぁEの差が凄ぁEE,,,
めEEりスナイプ練習するしぁE,,,
ニャEEФωФ),,,
何人ぁEんだEE,,,
最協決定戦以来に来ましたw,,,
ハルさんが強ぁE思う武器は何ですかEE,,,
なぁEぁE,,,
しEはるに轢かれましたこんはるE,,,
名前見たらハルくんの部隊でした。やられたあと気付きましたEａE,,,
陽キャビEム,,,
なぁEぁEE,,,
ウィングマンがまた強くなりましたね,,,
ハルさんのチEEペロは、天使👼,,,
ケアパケ武器使ぁEは確実に減った感じすめE,,,
難しいパターンリコイルなら練習できるからね,,,
赤く見えるだけでアチE,,,
なぁEぁE,,,
なぁEぁE,,,
立て直しまにあうぁE,,,
gg,,,
gg,,,
gg,,,
gg,,,
gg,,,
gg,,,
EE,,,
ブラはウルトで敵見えてなくて荁E,,,
gg,,,
オルタ,,,
三Eの一は登録してなぁEEぁE,,,
すみません残りの,,,
なるほどなー,,,
開きは12.5%ぁE,,,
全体だと耐乁Eかでたまに見に来る人もいるから下がりそぁEE,,,
荁E,,,
登録しなぁEは配信してるってどこから知るんだろうEE,,,
荁E,,,
荁E,,,
40パEなんで登録しまぁE,,,
とぁEくしました,,,
刁Eりみ,,,
配信ランキングもあるでめE,,,
おすすめできましたE登録はまた今度EE,,,
何回か見てれE勝手に関連で出るからEぁE,,,
荁E,,,
チャンネル登録しなぁE見れるからこそE良さもある,,,
おすすめによくみるなら登録してるぞ,,,
荁E,,,
荁E,,,
おあずけプレイ,,,
あんまり見なぁE登録してると登録チャンネル一覧がごちめEちめEるってのもあめE,,,
スマEからだとチャンネル登録しまくると一覧タブが見にくくなるからそれEありそう,,,
きんたまけいさつもﾁEEEE,,,
登録ボタン114514回おしました,,,
荁E,,,
正直全てはチEEのチャンネル管琁EEがアレなのぁE,,,
しゃーなぁE録しました,,,
登録老Eャンネルで赤くなってるやつしか見なぁE,,,
500チャンネル登録してめE,,,
私E属性ごとにようつべ垢刁Eてるぞ,,,
アレ動画とアーカイブ別で表示できなぁEEがなぁE,,,
200趁EてるけどちめEとごちめEぁEめE,,,
属性とは,,,
それは有E,,,
登録しろと言われたEで、登録しました。よろしくおねがいします、E,,,
アカウント褁E作って,,,
こんはるE,,,
ただしE数回なので抜けてる説,,,
そEペEジの刁EがぁEくやってくれると困らなぁEEにねー,,,
PC,,,
300以上登録とかザラだし…V界隈・・・,,,
ひよこクラブってVの配信の惁Eサイトもあるね,,,
Vtuber登録すると喜Eから軽玁E登録してたらこんなことに,,,
登録しすぎるとペEジ開きたいとき結局ググった方が早ぁEてなめE,,,
登録のタグ刁EできEーかなー,,,
登録してるしなんならEルまで押してめE,,,
武器構E決まりましたEE,,,
寝っ転がりながら配信見るの楽なんだ,,,
世界皁EみたらPCのが多そぁEからスマE優遁EEなさそぁEEE,,,
ベル押してるけど通知くん仕事しなぁEE,,,
ベル押しても通知死んでめE,,,
あ、E知来た見るーってなめE,,,
そEまま寝る事が…,,,
最近Chromeがyoutube通知をEチEEアチEEでお知らせしてくれるE何気に助かってめE,,,
ダブルタチEE,,,
配信中のは全部上にぁEてくれ,,,
事前に枠作って非E開からE開にすると通知行かんってのは聞いぁE,,,
i love you,,,
頑張って動画出すと配信通知死ぬとぁE無常な仕槁E,,,
荁E,,,
荁E,,,
荁E,,,
急に歌うよE,,,
荁E,,,
クリプトどぁEいますかEE,,,
告白のタイミング荁E,,,
突然な音楽ライブ草でぁE,,,
渋ハルはネコ亁E,,,
荁E,,,
お歌たすかめE,,,
唐突である,,,
EE🎵🎶🎵🎶🎵,,,
荁E,,,
急に歌うめE,,,
突然エコー掛けるな,,,
これは(ジャンチE尾崁E,,,
めEE,,,
ながいめEw,,,
ぁEぞ、E,,,
めEE・・,,,
急にとまるやめE,,,
今一瞬止まったE落ちたかと思ったわ,,,
世代がバレるぞ,,,
i like you,,,
クリプトとミラージュ似てねEE,,,
尾崎三E弟でも尾崎豊でも老人会チェチEになるんだよな,,,
そして,,,
クリプトの方が少しわかぁEらいかなEE,,,
允EEなくとも従弟っぽぁE,,,
生き別れE・・・とかありそぁE,,,
そしてぁEまでたっても飯は奢ってくれなぁE,,,
こんはるE,,,
換気……間欠況E,,,
間欠泉すぁE,,,
プレチEーの威圧からのレイス坊主の威圧に恐怖を感じました,,,
空気E悪くなる換気扇,,,
知らなぁEですがそれは,,,
ぁE曲ですもんE,,,
キリスト知ってる人は2000歳趁Eてる説,,,
15の夜とI love youはセーチE,,,
20代中盤くらぁE知ってる知らなぁEチEリわかれそぁE,,,
本人の聞いて来ます、E,,,
のがれぁEEがれぁEどり着ぁE,,,
まだ新環墁EなれてなぁEだけどどぁEたらEE,,,
今E子Eガラス割ったりバイク盗んだりがわからなぁE,,,
でも世代によるかもしれん、CD・MD全盛期かそぁEなぁEで比輁E変わめE,,,
尾崎豊E息子E方しか知らなぁEとかおるんめEぁE,,,
若ぁEだとクリス・ハEトじめEぁEE,,,
遠距離戦が多いよな、このスチEEジ,,,
今E子ってどのくらぁEE歳なのか曖昧でわからん,,,
今E子E盗んだバイクで走りださなぁEら…,,,
行Eもわからずにバイクで走るんめE,,,
盗んだバイクを買わされた 鍵がなぁE動かなぁE,,,
親が聞ぁEたりすれば自然と覚えめE,,,
ぁEすぎ,,,
こんはるでぁE,,,
そんなグラセフじめEるまぁE,,,
めっちめEぁEめE,,,
ピスキ痛い,,,
あぁ…,,,
EEE,,,
gg,,,
gg,,,
gg,,,
EE,,,
gg,,,
gg,,,
無琁Eのじゃ,,,
gg,,,
15の夜と「濱口ドッキリ」が繋がる場合E老人会値チェチEダイスロール,,,
gg,,,
gg,,,
gg!,,,
EEE,,,
あるね,,,
歌E信EE,,,
見てるEのチャンネル登録の利点,,,
荁E,,,
荁E,,,
荁E,,,
世界の渋ハルに聞きたいんだけど、EレチEーとかサムネでアピEルしてなぁEね,,,
荁E,,,
荁E,,,
関連動画とか登録とかEすアレ,,,
噂を聞いて来ました、E見でぁE,,,
VC,,,
チャンネル登録しましたEまた来ます、E,,,
こんはるE,,,
金玉連呼してるとぁEさにEE,,,
プレチEーでイキれる期間短かったな,,,
ぁEもE信見てます、E見でぁE,,,
チャンネル登録する人って他Eチャンネルもよく登録する人だよE,,,
プレチEー出したらまた背後かめE部隊やってくるぁE,,,
あ、E見でぁE,,,
登録しました,,,
チEラルタルは生身でハンマE,,,
なぁEぁEE,,,
なぁEぁE,,,
ハンマEつよいなぁE,,,
TUEEEE,,,
野良のときVCでイチャイチャするカチEEルに当たった時は虚無だっぁE,,,
途中でミュートにするキーってありますかEE,,,
EE👏👏,,,
カチEャカチャしてるEこれ,,,
なにせEレチEー時間1日あったかなぁEでは・・・,,,
一生カタカタ鳴ってて荁E,,,
なぁEぁE,,,
EEカチEEルはある意味貴重な体験っぽそう,,,
こんはるａE,,,
おおーナイスゥ,,,
EE👏👏,,,
なぁEぁEE,,,
特定E味方をミュートにする昨日ならありますよ,,,
へー,,,
ジャンプパチEはダメだけどじっぷは,,,
レイスつっめE今日から使ぁEすわ,,,
EEｭ,,,
ジャンパ駁EなのぁE,,,
どぁEてもパスの「ジチEEラインの時間だよ」が「テレタビEズの時間だよ」に聴こえてしまぁE狂気！E,,,
何故か虐されるまんちめEだ,,,
EﾝﾁEEE,,,
まあジチEE掴めなぁEらなんで地面歩けてるEって話になるし,,,
虚空にもジチEEは存在した…EE,,,
紫拡マガ多いな,,,
虚空中なのが本当にずるぁE,,,
チEのガンシールド後ろにも少し欲しくなぁEすか,,,
配信見てるとほんとこE環墁EもスナイパEしなぁE,,,
砂Eしてる（たまたま狙いEE,,,
渋ハルにスチEは無琁E,,,
渋谷ハルは殴り合ぁEぁE,,,
ぁEたそばからEａE,,,
ちめEど,,,
クレーバEは別腹,,,
詰めて近距離戦したほぁE楽しいのわかめE,,,
皁EてゲームのはじまめE,,,
皁Eち始まめE,,,
最終的にはクレーバEで撲殺するから,,,
ハル君E天性のアタチEーだから・・・,,,
純粋に強ぁEめE,,,
クレーバEはチクチクじゃなぁEらE,,,
殴りあぁEぁEEストファイEE,,,
スナイパEしなぁEて話でクレーバEに出くわすE神展開,,,
時代、環墁E左右されなぁE供に クレーバE,,,
暴力こゎぃめぅ…,,,
ハル君E場合アビゲイルよりラシード使ぁEぁEスチE,,,
めぅ…,,,
まんちめE,,,
DMR,,,
なんでみんなまんちめEくるとそうなるE,,,
そE昔、クレーバE,,,
EMP,,,
こんはる！E,,,
gg,,,
gg,,,
EE,,,
gg,,,
gg,,,
EEE,,,
GG,,,
こんはる、E,,,
今度クレーバE見つけたら譲ってください。もっと落ち着ぁE撁Eます、E,,,
クレバで印象皁Eのは最終リレーでひめEこりジャンプE敵を抜ぁEちめEぽんしたやつだな,,,
こんはる、E,,,
おお,,,
今日はしてなぁEがする,,,
チEチEーで見た,,,
スモークをEぁE、敵を掃討する。私E大砲めE,,,
ここ歴代で,,,
はつめさんE枠で言ってたよ,,,
スケチEブックに○○描いてESkeb,,,
ウイングマン今シーズンでどぁEわったEかわからめE,,,
有料お題箱みたいなイメージ,,,
Skeb voiceってリリースされたEぁE,,,
はえ〜Eイスもなのね,,,
え？渋ハルに絵の依頼を！E,,,
こんはるａE,,,
歌もありEE,,,
一人一人の本名でお誕生日おめでとぁEEイスとかいぁEじゃねEE,,,
依頼だから責任なすりつけることがE来てお征E,,,
味方ぁEからぁEかったっぁE,,,
オケなしでもだめなのぁE,,,
渋ハルの没になったエンドロールが欲しい,,,
版権のある歌とか詩とか文章はNGだったE,,,
説明助かるあと一人消えてめE,,,
歌E権利が面倒だからなぁE・・,,,
あくまでも「オリジナル」とぁEことかな,,,
歌詞やメロチEにも権利はあるんやで,,,
「私E大砲よ」も著作権皁Eアウトかな…EE,,,
歌詞にも著作権あるから難しいだろうねー,,,
オリジナルの歌ならいぁEEかな,,,
ナイスゥ,,,
ぁEーぁE,,,
ナイスEE,,,
ナイスゥ,,,
イラストE人に渋谷春画描いてくださいEって言ぁEEはぁEのEE,,,
めEぱりウィングマンEE,,,
みんなスチE,,,
芋づる式に釣れた,,,
こんはるE,,,
こんばんわ,,,
こんはるE,,,
skebeじゃめE,,,
リスク回避のためかE,,,
歌E多E別のサービスがあめE,,,
全俺が泣ぁE,,,
ちなみにVの場吁E次創作ガイドラインをskeb上で設定E来るからそれに準拠する感じよE,,,
良ぁEスチEだよE,,,
はえ、E,,,
win-winだ,,,
渋ハルファンは自炊してる人多いイメージ,,,
エチチ絵描かれてお入るってなんか・・・,,,
自炊しなぁE…ね……,,,
どんな,,,
wingmanの練習方法教えてほしい...,,,
自炊してこうな,,,
そうぁEばウイングマンってどぁEわったEEE,,,
程よくアバウチE,,,
こんはるE。Eイスって細かい持EしてもいぁEすかEE,,,
新環墁Eらすぐ上げんきめE,,,
ナイスEE,,,
なぁEー,,,
なぁEぁE,,,
ナイスゥEE,,,
ナイスゥ,,,
渋ハルはRyzen3700xと2080Ti使ってるよ,,,
ウィングマンはヘッドショチEが最初からスカルピアサー着ぁEるダメージになりました。スカルピアサーは消えました,,,
チャーム可愛いぁE,,,
ぁEまEａE,,,
結構アバウトな感じで頼もうかと思ってたけど、詳しく斁EぁE方が良ぁEんじです…EE,,,
ウィングマEン ウィングマEン,,,
スカルピアサー無くなって火力たかくなった！E,,,
弾を撃ち刁Eた時に自動で武器チェンするめEって解除できますか,,,
なるほどww,,,
ぁEそEこと台本送りつけた方が速い説,,,
チャームぁEけど視界にチラつぁE気が散るE僕だけ！E,,,
キス部からリクエストEイス来たら面白そう,,,
自刁E老EられなぁEら台本の発注からしたぁE,,,
gg,,,
EEE,,,
EEE,,,
gg,,,
EE,,,
gg,,,
gg,,,
パスファ相手だと送E刁EんよなぁE,,,
gg,,,
gg,,,
gg,,,
gg,,,
たかさき姉貴から飛んできそぁE！E,,,
gg,,,
弾を打ち刁EなぁEがリロード早ぁEつってピストル系にもなります！E,,,
オチEセイの真似も依頼できますかↁE,,,
まあそぁEE……,,,
そうぁEば一緒にゲーム権って消費された！E,,,
放送中にもハルくんからチEートEぁEね来て笑っぁE,,,
田舎EスーパEかな,,,
結局ソロじゃめE,,,
ウィングマンはマグナムではなぁEEでリロード速度は琁Eの影響受けなぁEすE,,,
荁E,,,
これがソロモードですか,,,
まーたソロ,,,
ソロ実裁EEめEね,,,
ソロモード実裁EぁE,,,
( 'ρE),,,
プレチEーになるとソロモードが実裁EれるのぁE,,,
ソロモードも期間限定だったけど 実裁E定どぁEんだめE,,,
プレチEー限定でソロスク解除して欲しい,,,
ナイメンEE,,,
gg,,,
gg,,,
EEE,,,
gg,,,
EEE,,,
GG,,,
紫ぁE,,,
EE,,,
Eﾟｰ,,,
gg,,,
まずEAPEXが落ちなぁEぁEなってくれなぁE,,,
メンバE最高！E,,,
メンバE最強十E,,,
一番の強敵はエラーだった…,,,
セルフEイールEE,,,
konnharrururururu,,,
設定しなきゃぁEなぁEね,,,
そうぁEばプラチナランクになりもぁEぁE,,,
セリフEイールだと思う,,,
允EE礼を言ぁEEボタンに割り当てられてたやつ,,,
降りてる敵のセリフが聞こえてるEかと思いまぁE,,,
飛行機でぁEさいのセリフEイールじゃなかったEぁE,,,
違うのぁE,,,
プラチナバッチおめでとぁEE,,,
ナイプラァ,,,
バッジおめでとぁE,,,
こんはる！E,,,
金玉は丁寧に扱ってくれよな,,,
カーゴボット落とせなぁE落とせなくなぁEE,,,
カーゴボット謎に固ぁEね,,,
そろそろスタンプ増える！E,,,
荁E,,,
すいー,,,
自刁E殺めE,,,
クリプトのフィニッシャー 何奪ってるんだめE,,,
下当たってたEかあれ…遠距離武器で狙おぁE,,,
今思うと18個スタンプ使えるの凁Eね…,,,
なるほど,,,
実際コスパEぁE,,,
ドン勝したら言ってた気がする,,,
安定収入だもんね,,,
PayPal,,,
安定E正義,,,
こんはるａE,,,
最佁E00冁Eスタンプ使えてバッジも付いて、実質ファンボックスの中身も見れるからコスパ最髁E,,,
あちち,,,
(ここで壁紙E宣伝を),,,
なぁEぁE,,,
大体、メンバEはスパチャするとぁE,,,
ナイスEE,,,
ランクめEなぁEEEまたギリギリになっちめEめE,,,
プレチEー企画みたいな取れ高EそE時見てただけE人も投げてくれるし,,,
iOSがメンバEなりにくいからなぁ……paypalくん……,,,
本当かな,,,
なぁEぽー,,,
今度めE今度めEって言って夏休みの最終日まで宿題しなぁE生E鑁E,,,
そうぁEば最近メンバEの通知見てなぁEがする,,,
税のせいでキリが悪ぁEEが気になめE,,,
こんはるE,,,
ハルさん…PUBGは…EE,,,
ナイスEE,,,
ナイスゥ,,,
あちーち,,,
セレクトになってる！E,,,
セレクトハボックになってるよ,,,
たぼちめEEずれぁE,,,
タボチャ捨てちめEた…,,,
セボックになってめE,,,
悪意がめEぁE,,,
セボックはまずいですよEE,,,
あっセボックに,,,
荁E,,,
せEチEくんの存在意義とは,,,
荁E,,,
セレクト押した気がしたけど気EせいじゃなかったEぁE,,,
荁E,,,
せEチEのチャージビEムぁEEE,,,
gg,,,
gg,,,
gg,,,
PUBGから送Eた結果,,,
gg,,,
EEE,,,
GG,,,
gg,,,
GG,,,
今Eマップ詰みポイント多すぎやめE,,,
gg,,,
gg,,,
メンバEシチEEこんな種類EったEね,,,
壁紙E、ありまぁE,,,
増税関係なぁEぁE,,,
壁紙細胞E、あります！E,,,
スパチャもメンバEも増税なぁEがすめE,,,
海外賁Eだし関係なぁE思いたい,,,
渋ハル手取りが減ってぁEことは確かだと思う,,,
めEてんEええええええええええええええええええ,,,
EEE,,,
えいむくん最近それ好きE,,,
gg,,,
たEぴぁEE,,,
荁E,,,
トイレでさぼるかー,,,
ふぁEりすさんくらぁEEりに煽らなぁE・・・,,,
百丁E越えなぁE辛そぁE,,,
すごぁEどこわぁEね、収益化取り消しとぁE,,,
動画収益で暮らせるくらい動画作るようになったら確実に配信頻度減るのは確ぁE,,,
金盾ぁE,,,
大きくなると単価も上がるんだっけ！E,,,
銀盾でもきつぁEしょ,,,
ナイスゥ,,,
ナイスゥ,,,
なぁEぁE,,,
そうぁEばVtuberの銀盾100人突破ですってめE,,,
感謝！圧倒的感謝！E,,,
空から戦場を見てみよう,,,
にじさんじの寁E率高いよな,,,
にじさんじ異常すぎめE,,,
にじさんじはにじさんじってジャンルだから,,,
にじさんじってぁE箱が強ぁE,,,
youtubeは剥奪があるからほんと怖い,,,
100人目はにじさんじの社長でした,,,
ランキングみてきたらにじさんじ37人だっぁE,,,
魂がにじさんじだからなE（！E,,,
こんはるでぁE,,,
確かに・・・,,,
ぁEながちめEぁE,,,
怖すぎる……,,,
にじさんじはそもそも面接でだぁEE篩ぁEEけてるからEぁE,,,
FXで溶かした人みたいな顔になめE,,,
加賀美インダストリアルの方でしょ,,,
訓練された視E老EぁEぱぁEるからな,,,
訓練された視E老EぁEぱぁEるからな,,,
こんはる、E,,,
ふぁEりす色、EってるよなぁE,,,
金玉発言気をつけなきゃ…,,,
OP,,,
荁E,,,
金玉ぁEつ・・・来るぞEE馬EE,,,
EEﾞﾁE「また、あったEEE、E,,,
新マップ送EEで見にくい事無ぁEE,,,
そこはほんと凁EよE,,,
今EはキチE,,,
チEューで既に,,,
こんはめE,,,
チEューE収益化感あめE,,,
一瞬で5丁EころぁE丁Eってる最新の新人もいるからEぁE,,,
こんばんE。健屋さんとかすげEよ？多Eにじさんじ冁E楯達E速度の最速が更新されめE,,,
gg,,,
EEE,,,
EEE,,,
gg,,,
gg,,,
こんはるE,,,
5丁E衣裁E露してたら10丁Eなってたりする,,,
GG,,,
EEE,,,
允EE劇めEてたとぁE,,,
世界が違ぁEめE,,,
嘔吐フェチがトレンドEりしたEは笑ったわEE,,,
そこなのよE。にじさんじの場合E戦力E逐次投EがE功してめE,,,
にじさんじチEリー視E老E,,,
でも庁E収E全部がライバEに行ってるわけじめEぁEらどぁEんだろうEってのはあるよE,,,
こんはるE,,,
伸び悩んでたEにぁEなりずっと3000人以上増えた人もいるもんなー,,,
にじさんじそろそろ全員追ぁEE無琁Eなってきました,,,
エビオの伸び方はすごかったよなぁE,,,
まあEロの方が好きだぁE,,,
3Dはホロライブが頭2つくらぁEけてる印象,,,
普通Eマイクラ配信で3丁E趁Eは狂気すら感じる,,,
既ににじさんじ全員を追ぁEとは放棁Eてるよ……,,,
箱推しやってるけど,,,
ナイスゥ,,,
荁E,,,
荁E,,,
荁E,,,
荁E,,,
荁E,,,
荁E,,,
荁E,,,
にじさんじは、性格の悪さを感じることが多くなって見なくなったなー,,,
EEｯEEEEｯEEEｯE,,,
どろEん草,,,
荁E,,,
upd8は箱じゃなかったE.....,,,
ヒEルドローーーん！EE,,,
3000人ぁEば500人の6倍だから5/6もってかれても同じなんだよな,,,
箱ってより枠ってイメージ,,,
枠ってのわかるわー,,,
枠だね,,,
にじさんじ知らなぁE間からすると底なし沼でしかなぁE,,,
774inc推してけEEE,,,
ギルド団体ってイメージ,,,
所属じめEくて参加ですしね,,,
大きくなりすぎてライバE側よりリスナEの信老Eが今怖いのよE,,,
upd8は連合体って感じ,,,
ENTUM、事務所なのに箱じゃなぁEE勿体無ぁEと思う,,,
昔EチャチE欁E残るくらぁEは追ってたんだけどなぁ、にじさんじ,,,
にじさんじはリスナEが一部害悪化してるからな,,,
マスター、Eこさん、ケリン、icotsu、EらキャチEくらぁEったっけか,,,
にじさんじでもなぁEのチャンネルで突然にじさんじの悪口言ぁEEは視E老EしてどぁEと思いますよと書き記す,,,
おっぱぶストアって聞こえて荁E,,,
おっぱぶストアに聞こえた,,,
どんなストアだ,,,
ポップアチEEストアね,,,
荁E,,,
自刁E聞こえてアカリちめEのEEってワクチEしたよE,,,
箱感E薁Eかもね,,,
なぁEぁE,,,
ナイスゥEE,,,
ナイスEE,,,
めEますEぁEE,,,
なぁEぁE,,,
ぁEっすEー,,,
ナイスゥ,,,
ひぁEさん以外EE人もう数か月配信してなぁEらEぁE,,,
上E金Eしてる企業がVに見限りをつけてる感,,,
独自の方向性を模索してるEかもね,,,
エンタム所属EひぁEちめEくらぁEかわからなぁE,,,
エンタム運営からしたらイリアムが箱扱ぁEな,,,
もちひよちめEとぁE,,,
ウカ槁E,,,
ウカ様Eにじさんじとかと勘違ぁEれてた話すき,,,
エンタムの名前が知られてなぁEけで、メンバEは有名,,,
ENTUMの社長はIRIAM成長させたい感じなんだよな,,,
花野蜜ちめEとぁE,,,
IRIAMに注力してぁEのはわかるんだけど、同時にIRIAMからの庁Eが薄ぁEてのもあって閉じたコミュニティになってるEよE,,,
ウカ様Eバイオ勢だと思ってた（！E,,,
こE前ハルくんが言ってた企業の宣伝としてVになるってのが最終目標感はあるよE,,,
ウカ様サラザールミEム概念好きじめEぁEど嫌いじゃなぁE,,,
最近EイリアムみたいにイチナナがVtuber特化しつつあるらしぁE,,,
youtube以外で活動してる人たち正直よくわからん、showroomとかイチナナとぁE,,,
あとニEチEめE実EENTUM,,,
ニEチEんとミディさん,,,
こんばんわ,,,
Eの有名どころ=にじさんじとか思ってそう,,,
イチ…ナナ…,,,
何E所属してほしいかでカプコンて意見あったE荁E,,,
こんはるE,,,
荁E,,,
あEねぁE,,,
ナイスゥ,,,
なぁEぁE,,,
荁E,,,
ナイスEE,,,
こっめE,,,
荁E,,,
危なぁE,,,
なぁEぁE,,,
敵が階段見てたEラチEーだったE,,,
一般通過大砲おEさん,,,
ナイスゥ,,,
白梁Eんがダメを受けてるなぁE,,,
日頁EE行い出てめE,,,
今晩ちめEE,,,
荁E,,,
荁E,,,
流石にカプンコは草よ,,,
落ちそう,,,
配信すぐ落ちそう(ヘリ並愁E,,,
絶対カプンコだったらヘリ乗せられて墜落しそぁE,,,
フラトラに倍スコ着けたら強くなりそぁE,,,
配信が落ちたら「Eリが落ちたな」って言われるんだろうなEE,,,
ケリンみたいに最後墜落オチで終わるんでしょ,,,
荁E,,,
荁E,,,
すぐ落ちるカプンコの配信も面白ぁE,,,
youtubepremium入ってみたんだけど、何かぁEことあるんかな,,,
上手ぁEぁE,,,
gg,,,
EEE,,,
gg,,,
gg,,,
EEE,,,
gg,,,
gg,,,
あとオフラインは船に乗る時大活躍すめE,,,
gg,,,
バックグラウンドE甁E,,,
無料スパチャってありませんでしたEE,,,
後Eオフライン再生くらぁEE,,,
庁EなぁEEほんと良ぁE,,,
配信老E投稿老EとってはプレミアムってどぁEのEE,,,
ほぁEぁE,,,
米津玁Eをストリーミングで聞けるEはYoutubeMusicだけ！E,,,
はえ、E,,,
ウザぁEEのめEがTL流れてたけど全くわからなかっぁE,,,
たしか庁Eって一定秒数再生したら庁Eとして成立するって言われてなかった！E,,,
EEﾁEEEｰE!,,,
感謝しまぁE,,,
庁E見てるEに近い設定なのぁE,,,
Apple,,,
EEｯEE,,,
あEウザいVの庁Eだけみたいからプレミアム解紁EぁE,,,
プレミアム入ってると話題になってる庁EのネタがわからなぁEEはちめEとマイナスかな…,,,
手数料Eジかw,,,
消費税貴様ァァァEEE,,,
ぁE,,,
プレミアムスパチャだEすごい,,,
消費稁E,,,
しなめE,,,
さっき岩上に落とされてスタチEして抜けぁE,,,
消費税ナーフ来なぁEな……,,,
あEぁEいVの庁E、一部Vroid製作老EE規紁EEち破ってて怒り買ってたEよE,,,
荁E,,,
Suica,,,
ひえぇ,,,
おEれぐーぐる mixi解紁EるE,,,
アチEEル君便乗したいだけではEEブEぁEEかしんだ,,,
モチE皁E無許可だろうなってのはわかってぁE,,,
mixiくん生き残ってるEEE,,,
金玉警察だEE,,,
tmtm,,,
ぁE血って表現あやぁEなぁEE,,,
でもさぁ、ニコプレと,,,
カーゴボット落ちた時にシールチEゲージ刁EってくE許さん,,,
ゴールチEボEルをサチEーボEルにした末路,,,
マジでそろそろニコニコ解紁EそうなのよE。ほとんど見てなぁE,,,
今気づぁEけどお持ち帰めE%なのに9%でスパチャしてるわ・・・,,,
カーゴボットでアーマなしで真下にぁEら死にました,,,
武器漁りしてる奴の上でカーボEチE破壊とかロマンだな,,,
カーゴボットで仲間にダウンさせられた話するEE,,,
そんなタライ落としみたいな…,,,
結局レシーバEくんって価値あるんですかEE,,,
あれなんでダメージ判定あるんEいらなくなぁEE,,,
悲しいなぁE,,,
白梁EんもったいなぁEを,,,
E人に勝てるわけなぁEろ！E,,,
FAVRICプレミアム無料中継みたいのあるからつぁE続してしまぁE,,,
レーザー食らっても生きてるEに落ちてくる鉁EE塊くらいガマンしろ,,,
gg,,,
gg,,,
gg,,,
ぬぁEE,,,
荁E,,,
シブハル 炎丁E,,,
荁E,,,
gg,,,
荁E,,,
EEE,,,
荁E,,,
荁E,,,
草、EEE,,,
gg,,,
ぬわぁEE,,,
すげー惁EなぁE末魔で荁E,,,
荁E,,,
荁E,,,
荁E,,,
こんはめE,,,
んなぁEE,,,
荁E,,,
gg,,,
EEEE,,,
荁E,,,
こんばんわ,,,
コラボ告知でたよ,,,
え！E,,,
そうぁEばジチEEラインで飛んでたら蘁Eの飛行船に引っかかって篁E外に飛Eされてた人ぁEめE,,,
こんはるE、E張ってください,,,
おEちめEが告知しためE,,,
ワチEソンだとかなりセンシチEブだめE,,,
こんはるE、E,,,
相変わらず直前告知なしEかが,,,
こんばんEでぁE,,,
ヤバそぁE,,,
人数減ってなくてよかっぁE,,,
PUBG秋Eバグ祭りぞ,,,
荁E,,,
荁E,,,
こんはるE,,,
自慢すれば,,,
そん時Eマウント取ろうぜ。大会五位取ったぞと,,,
ん？EプレチEーぞ？って言っとこう,,,
荁E,,,
覚えとぁE,,,
脳冁EE生余裕でした,,,
脳冁EE生するまでもなく聞こえたよ。幻聴かなEE,,,
なんか刁E抜き動画ができそぁEすE,,,
ハEチEよりオルタネEターなのぁE,,,
わEぁE,,,
こんはるE,,,
荁E,,,
EE,,,
こEフィールドになってからチEミE括紁Eさらに光るようになった気がする,,,
荁E,,,
EE,,,
荁E,,,
ど、どめEとEE,,,
荁E,,,
てんかぁEのおEくろかなEE,,,
それはまずい,,,
どぁEた！E,,,
何でですかE？（純粋な目EE,,,
えEき！E,,,
えEき召喚されそぁE,,,
ハEチEちめEぁE,,,
g7,,,
草生めEた人たちはみんな意味がEかってんE荁E,,,
今Eアネロスが正式名称だから,,,
エネE ら！E,,,
アネロス高いんだよなぁE,,,
今日もまた一つ知識を得られた ハルくんの配信は役に立つなぁE,,,
ナイスEE,,,
タボック好きせぼっく嫌い,,,
セボックのレーザーはロマン砲かな,,,
近距離ピスキこわぁEEEE,,,
たま大きくなったしね,,,
こE前E会い頭に,,,
腕にセルつけてるEロチEマンっぽぁE,,,
(=^ω^)EこんにちはEE,,,
たまにフェニキ,,,
ウイングマンの照準Eケ、E狙いEどぁE神威でぁE 'ρE)/,,,
2ベス天国帯結構ある気がする,,,
アレでしゃがまれると使ってるって油断してしまぁE,,,
ピスキ自刁Eつとほんま弱ぁE,,,
なんか静かですE,,,
なんか静かですE,,,
L,,,
こEまま平和に生きたい,,,
戦力E軒並み安置に回してるんじゃなぁEEE,,,
強化（なんか煙減った？！E,,,
エルスターくん未だ暴れ馬ですからE、、E,,,
出会い頭のピスキはホント強ぁE,,,
荁E,,,
直立不動,,,
後でグチグチ言われそう,,,
こんばんEぁE,,,
こEMAPはジブE恩恵がでかい,,,
タボックマジで人権貰えました。新マップにおいて,,,
gg,,,
ggwp,,,
ナイスゥEE,,,
EEEE,,,
ナイスEGGEE,,,
GG,,,
ggwp!!,,,
EEEａE,,,
EE👏,,,
ggwp,,,
gg,,,
GG佐藤,,,
ggEEEE,,,
EEE,,,
こんはるgg,,,
EEE,,,
ggwp,,,
gg,,,
夕飯の時間だ,,,
助かる,,,
おつかれさまでしたー,,,
おつはるE,,,
EE👏,,,
おつはる！E,,,
おつはるE,,,
おつはる～！E,,,
おつはるE,,,
鼓nnitiha,,,
お疲れ様でしたー,,,
おつはるです！E,,,
おつはるE,,,
またあとでーEω＠チE,,,
おつはるE,,,
おつはるEですE,,,
おつはる！E,,,
おつはるE,,,
ばぁEEあい,,,
お疲れ様でした,,,
おつはるE,,,
おつはるａE,,,
おつはるE,,,
おつはるａE,,,
おつはるです！E,,,
おつはめE,,,
れEざEびーむEE,,,
れEざEびーむ,,,
=======,,,
E#VALUE!,,,
0,,,
0:05,2:00,,
0:19,7:36,,
0:30,12:00,,
0:43,17:12,,
0:47,18:48,,
0:55,22:00,,
0:55,22:00,#VALUE!,
1:30,0:00,,
1:52,0:00,,
1:52,0:00,,
1:54,0:00,,
2:36,0:00,,
3:07,0:00,,
3:21,0:00,,
3:36,0:00,,
3:37,0:00,,
3:37,0:00,,
3:54,0:00,,
4:01,0:00,,
4:20,0:00,,
4:22,0:00,,
4:24,0:00,,
4:45,0:00,,
4:46,0:00,,
4:56,0:00,,
5:02,0:00,,
5:22,0:00,,
5:24,0:00,,
5:30,0:00,,
5:53,0:00,,
6:01,0:00,,
6:08,0:00,,
6:32,0:00,,
6:37,0:00,,
7:14,0:00,,
7:21,0:00,,
7:31,0:00,,
7:38,0:00,,
7:49,0:00,,
7:58,0:00,,
8:29,0:00,,
8:47,0:00,,
8:52,0:00,,
8:59,0:00,,
9:00,0:00,,
9:02,0:00,,
9:02,0:00,,
9:13,0:00,,
9:15,0:00,,
9:25,0:00,,
9:47,0:00,,
9:52,0:00,,
10:22,0:00,,
10:25,0:00,,
10:39,0:00,,
10:43,0:00,,
10:54,0:00,,
11:07,0:00,,
11:14,0:00,,
11:14,0:00,,
11:25,0:00,,
12:03,0:00,,
12:07,0:00,,
12:59,0:00,,
13:15,0:00,,
13:15,0:00,,
13:35,0:00,,
13:37,0:00,,
14:12,0:00,,
14:19,0:00,,
14:35,0:00,,
14:37,0:00,,
14:42,0:00,,
14:49,0:00,,
15:13,0:00,,
15:16,0:00,,
15:19,0:00,,
15:20,0:00,,
15:31,0:00,,
16:00,0:00,,
16:02,0:00,,
16:08,0:00,,
16:09,0:00,,
16:16,0:00,,
16:16,0:00,,
16:21,0:00,,
17:01,0:00,,
17:12,0:00,,
17:12,0:00,,
17:23,0:00,,
17:30,0:00,,
17:31,0:00,,
17:31,0:00,,
17:33,0:00,,
17:41,0:00,,
17:52,0:00,,
18:05,0:00,,
18:11,0:00,,
18:50,0:00,,
20:14,0:00,,
20:35,0:00,,
21:04,0:00,,
22:08,0:00,,
22:13,0:00,,
22:15,0:00,,
22:17,0:00,,
22:21,0:00,,
22:37,0:00,,
22:42,0:00,,
22:46,0:00,,
22:50,0:00,,
23:00,0:00,,
23:04,0:00,,
23:11,0:00,,
23:20,0:00,,
23:27,0:00,,
23:30,0:00,,
23:32,0:00,,
23:35,0:00,,
23:39,0:00,,
23:45,0:00,,
23:45,0:00,,
23:54,0:00,,
24:02:00,0:00,,
24:24:00,0:00,,
24:33:00,0:00,,
24:35:00,0:00,,
24:47:00,0:00,,
24:52:00,0:00,,
25:09:00,0:00,,
25:09:00,0:00,,
25:12:00,0:00,,
25:35:00,0:00,,
25:46:00,0:00,,
25:55:00,0:00,,
25:56:00,0:00,,
25:56:00,0:00,,
26:17:00,0:00,,
26:35:00,0:00,,
26:44:00,0:00,,
26:45:00,0:00,,
26:50:00,0:00,,
26:56:00,0:00,,
27:16:00,0:00,,
27:20:00,0:00,,
27:22:00,0:00,,
27:25:00,0:00,,
27:26:00,0:00,,
27:29:00,0:00,,
27:41:00,0:00,,
27:42:00,0:00,,
27:56:00,0:00,,
28:01:00,0:00,,
28:03:00,0:00,,
28:16:00,0:00,,
28:16:00,0:00,,
28:22:00,0:00,,
28:23:00,0:00,,
28:24:00,0:00,,
28:24:00,0:00,,
28:25:00,0:00,,
28:25:00,0:00,,
28:26:00,0:00,,
28:26:00,0:00,,
28:26:00,0:00,,
28:26:00,0:00,,
28:26:00,0:00,,
28:28:00,0:00,,
28:31:00,0:00,,
28:34:00,0:00,,
28:37:00,0:00,,
28:40:00,0:00,,
28:53:00,0:00,,
29:54:00,0:00,,
29:58:00,0:00,,
30:14:00,0:00,,
30:23:00,0:00,,
30:58:00,0:00,,
31:05:00,0:00,,
31:09:00,0:00,,
31:25:00,0:00,,
31:26:00,0:00,,
31:26:00,0:00,,
31:26:00,0:00,,
31:28:00,0:00,,
31:29:00,0:00,,
31:29:00,0:00,,
31:30:00,0:00,,
31:30:00,0:00,,
31:30:00,0:00,,
31:31:00,0:00,,
31:35:00,0:00,,
31:35:00,0:00,,
31:36:00,0:00,,
31:36:00,0:00,,
31:36:00,0:00,,
31:37:00,0:00,,
31:37:00,0:00,,
31:45:00,0:00,,
31:46:00,0:00,,
31:49:00,0:00,,
31:49:00,0:00,,
31:53:00,0:00,,
31:57:00,0:00,,
32:01:00,0:00,,
32:10:00,0:00,,
32:24:00,0:00,,
32:33:00,0:00,,
32:38:00,0:00,,
32:49:00,0:00,,
32:51:00,0:00,,
33:46:00,0:00,,
33:47:00,0:00,,
33:50:00,0:00,,
33:59:00,0:00,,
34:04:00,0:00,,
34:07:00,0:00,,
34:09:00,0:00,,
34:28:00,0:00,,
34:56:00,0:00,,
35:08:00,0:00,,
35:18:00,0:00,,
35:32:00,0:00,,
35:35:00,0:00,,
36:53:00,0:00,,
36:54:00,0:00,,
37:09:00,0:00,,
37:51:00,0:00,,
38:21:00,0:00,,
38:49:00,0:00,,
38:52:00,0:00,,
39:03:00,0:00,,
39:51:00,0:00,,
39:51:00,0:00,,
39:51:00,0:00,,
39:54:00,0:00,,
39:59:00,0:00,,
40:00:00,0:00,,
40:01:00,0:00,,
40:10:00,0:00,,
40:27:00,0:00,,
40:30:00,0:00,,
41:05:00,0:00,,
41:23:00,0:00,,
43:19:00,0:00,,
43:22:00,0:00,,
43:27:00,0:00,,
43:32:00,0:00,,
43:39:00,0:00,,
43:41:00,0:00,,
43:54:00,0:00,,
43:57:00,0:00,,
44:12:00,0:00,,
44:22:00,0:00,,
44:26:00,0:00,,
44:28:00,0:00,,
45:21:00,0:00,,
45:26:00,0:00,,
46:11:00,0:00,,
46:14:00,0:00,,
46:16:00,0:00,,
46:17:00,0:00,,
46:19:00,0:00,,
46:23:00,0:00,,
46:24:00,0:00,,
46:29:00,0:00,,
46:51:00,0:00,,
47:09:00,0:00,,
47:26:00,0:00,,
47:28:00,0:00,,
48:19:00,0:00,,
48:32:00,0:00,,
48:40:00,0:00,,
48:49:00,0:00,,
48:55:00,0:00,,
49:11:00,0:00,,
49:21:00,0:00,,
49:34:00,0:00,,
49:42:00,0:00,,
49:51:00,0:00,,
50:06:00,0:00,,
50:11:00,0:00,,
50:13:00,0:00,,
50:15:00,0:00,,
50:20:00,0:00,,
50:24:00,0:00,,
50:27:00,0:00,,
50:31:00,0:00,,
50:39:00,0:00,,
50:41:00,0:00,,
50:42:00,0:00,,
50:42:00,0:00,,
50:43:00,0:00,,
50:44:00,0:00,,
50:45:00,0:00,,
50:45:00,0:00,,
50:46:00,0:00,,
50:47:00,0:00,,
50:49:00,0:00,,
50:50:00,0:00,,
50:51:00,0:00,,
50:51:00,0:00,,
50:53:00,0:00,,
50:53:00,0:00,,
50:55:00,0:00,,
50:57:00,0:00,,
50:59:00,0:00,,
51:01:00,0:00,,
51:02:00,0:00,,
51:05:00,0:00,,
51:08:00,0:00,,
51:14:00,0:00,,
51:18:00,0:00,,
51:21:00,0:00,,
51:27:00,0:00,,
51:28:00,0:00,,
51:45:00,0:00,,
51:47:00,0:00,,
51:49:00,0:00,,
51:58:00,0:00,,
52:01:00,0:00,,
52:05:00,0:00,,
52:07:00,0:00,,
52:09:00,0:00,,
52:14:00,0:00,,
52:26:00,0:00,,
52:36:00,0:00,,
52:54:00,0:00,,
53:14:00,0:00,,
53:18:00,0:00,,
53:23:00,0:00,,
53:36:00,0:00,,
53:49:00,0:00,,
53:59:00,0:00,,
54:36:00,0:00,,
56:31:00,0:00,,
56:45:00,0:00,,
57:13:00,0:00,,
57:27:00,0:00,,
57:30:00,0:00,,
57:32:00,0:00,,
57:33:00,0:00,,
57:35:00,0:00,,
57:39:00,0:00,,
57:39:00,0:00,,
57:48:00,0:00,,
57:52:00,0:00,,
57:55:00,0:00,,
58:22:00,0:00,,
58:24:00,0:00,,
58:25:00,0:00,,
58:26:00,0:00,,
58:28:00,0:00,,
58:30:00,0:00,,
58:32:00,0:00,,
58:32:00,0:00,,
58:33:00,0:00,,
58:35:00,0:00,,
58:37:00,0:00,,
58:52:00,0:00,,
59:18:00,0:00,,
59:54:00,0:00,,
1:00:03,0:00,,
1:00:06,0:02,,
1:00:06,0:02,,
1:00:07,0:02,,
1:00:10,0:04,,
1:00:24,0:09,,
1:00:26,0:10,,
1:00:27,0:10,,
1:00:31,0:12,,
1:01:14,0:05,,
1:01:17,0:30,,
1:01:46,0:42,,
1:01:47,0:42,,
1:01:48,0:43,,
1:01:49,0:43,,
1:01:49,0:43,,
1:01:51,0:44,,
1:01:52,0:44,,
1:01:54,0:45,,
1:01:55,0:46,,
1:01:56,0:46,,
1:01:57,0:46,,
1:02:01,0:48,,
1:02:01,0:48,,
1:02:06,0:50,,
1:02:16,0:54,,
1:02:16,0:54,,
1:03:12,1:16,,
1:04:13,1:41,,
1:04:34,1:49,,
1:04:35,1:50,,
1:04:37,1:50,,
1:04:46,1:54,,
1:05:20,2:08,,
1:05:27,2:10,,
1:05:35,2:14,,
1:05:35,2:14,,
1:05:44,2:17,,
1:06:06,2:26,,
1:06:07,2:26,,
1:06:12,2:28,,
1:06:34,2:37,,
1:06:36,2:38,,
1:06:51,2:44,,
1:07:15,2:54,,
1:07:39,3:03,,
1:07:51,3:08,,
1:08:08,3:15,,
1:08:19,3:19,,
1:08:23,3:21,,
1:08:26,3:22,,
1:08:42,3:28,,
1:08:54,3:33,,
1:09:01,3:36,,
1:09:07,3:38,,
1:09:26,3:46,,
1:09:28,3:47,,
1:09:53,3:57,,
1:10:05,4:02,,
1:10:09,4:03,,
1:10:19,4:07,,
1:10:20,4:08,,
1:10:28,4:11,,
1:10:50,4:20,,
1:11:00,4:24,,
1:11:05,4:26,,
1:11:09,4:27,,
1:11:10,4:28,,
1:11:26,4:34,,
1:11:29,4:35,,
1:11:31,4:36,,
1:11:34,4:37,,
1:11:39,4:39,,
1:11:41,4:40,,
1:11:43,4:41,,
1:11:50,4:44,,
1:11:55,4:46,,
1:11:59,4:47,,
1:12:01,,,
1:12:33,,,
1:12:39,,,
1:12:39,,,
1:13:04,,,
1:13:14,,,
1:13:56,,,
1:13:57,,,
1:14:02,,,
1:14:17,,,
1:14:31,,,
1:14:34,,,
1:15:08,,,
1:15:27,,,
1:15:30,,,
1:15:42,,,
1:15:47,,,
1:15:55,,,
1:15:58,,,
1:16:10,,,
1:16:12,,,
1:16:52,,,
1:16:55,,,
1:16:55,,,
1:16:58,,,
1:17:21,,,
1:17:23,,,
1:17:43,,,
1:17:45,,,
1:17:45,,,
1:17:46,,,
1:17:46,,,
1:17:48,,,
1:17:48,,,
1:17:48,,,
1:17:49,,,
1:17:49,,,
1:17:50,,,
1:17:50,,,
1:17:51,,,
1:17:52,,,
1:17:53,,,
1:17:53,,,
1:17:53,,,
1:17:55,,,
1:17:55,,,
1:17:56,,,
1:17:57,,,
1:18:00,,,
1:18:11,,,
1:18:13,,,
1:18:28,,,
1:18:48,,,
1:18:55,,,
1:18:56,,,
1:19:02,,,
1:19:24,,,
1:19:32,,,
1:19:37,,,
1:19:38,,,
1:19:56,,,
1:20:03,,,
1:20:24,,,
1:20:24,,,
1:20:29,,,
1:20:29,,,
1:20:30,,,
1:20:32,,,
1:21:18,,,
1:21:57,,,
1:21:57,,,
1:22:02,,,
1:22:10,,,
1:22:18,,,
1:22:37,,,
1:23:20,,,
1:23:34,,,
1:23:54,,,
1:23:58,,,
1:24:01,,,
1:24:04,,,
1:24:05,,,
1:24:06,,,
1:24:15,,,
1:24:17,,,
1:24:18,,,
1:24:28,,,
1:24:39,,,
1:25:32,,,
1:25:44,,,
1:25:47,,,
1:25:54,,,
1:25:57,,,
1:26:04,,,
1:26:28,,,
1:26:51,,,
1:26:59,,,
1:27:13,,,
1:27:28,,,
1:27:45,,,
1:27:45,,,
1:27:47,,,
1:27:47,,,
1:27:49,,,
1:27:51,,,
1:27:52,,,
1:27:53,,,
1:27:53,,,
1:27:53,,,
1:27:55,,,
1:27:57,,,
1:28:00,,,
1:28:01,,,
1:28:04,,,
1:28:11,,,
1:28:15,,,
1:28:25,,,
1:28:29,,,
1:29:11,,,
1:29:19,,,
1:29:25,,,
1:29:29,,,
1:29:30,,,
1:29:34,,,
1:29:36,,,
1:29:39,,,
1:29:40,,,
1:29:53,,,
1:29:54,,,
1:30:36,,,
1:30:58,,,
1:31:18,,,
1:31:18,,,
1:31:23,,,
1:31:25,,,
1:31:26,,,
1:31:28,,,
1:31:29,,,
1:31:30,,,
1:31:33,,,
1:31:37,,,
1:31:54,,,
1:31:58,,,
1:32:35,,,
1:32:39,,,
1:33:06,,,
1:33:07,,,
1:33:14,,,
1:33:16,,,
1:33:18,,,
1:33:18,,,
1:33:18,,,
1:33:24,,,
1:33:29,,,
1:34:05,,,
1:34:19,,,
1:34:29,,,
1:34:34,,,
1:34:35,,,
1:34:42,,,
1:34:46,,,
1:34:51,,,
1:35:06,,,
1:35:16,,,
1:35:21,,,
1:35:24,,,
1:35:26,,,
1:35:40,,,
1:35:41,,,
1:35:53,,,
1:35:59,,,
1:36:10,,,
1:36:12,,,
1:36:20,,,
1:36:22,,,
1:36:29,,,
1:36:34,,,
1:36:36,,,
1:36:43,,,
1:36:44,,,
1:36:54,,,
1:36:55,,,
1:37:08,,,
1:37:10,,,
1:37:12,,,
1:37:15,,,
1:37:26,,,
1:37:35,,,
1:37:44,,,
1:37:45,,,
1:37:48,,,
1:37:49,,,
1:37:54,,,
1:37:59,,,
1:38:01,,,
1:38:07,,,
1:38:10,,,
1:38:22,,,
1:38:32,,,
1:38:33,,,
1:38:38,,,
1:38:39,,,
1:38:42,,,
1:38:44,,,
1:38:55,,,
1:39:28,,,
1:39:30,,,
1:39:43,,,
1:39:49,,,
1:40:24,,,
1:40:28,,,
1:40:31,,,
1:40:31,,,
1:40:32,,,
1:40:32,,,
1:40:33,,,
1:40:37,,,
1:40:48,,,
1:40:49,,,
1:40:54,,,
1:40:55,,,
1:40:56,,,
1:41:17,,,
1:41:29,,,
1:41:32,,,
1:41:43,,,
1:41:46,,,
1:41:49,,,
1:42:06,,,
1:42:26,,,
1:42:35,,,
1:42:38,,,
1:43:25,,,
1:43:26,,,
1:43:28,,,
1:43:48,,,
1:44:11,,,
1:44:44,,,
1:44:44,,,
1:44:45,,,
1:44:48,,,
1:44:52,,,
1:44:53,,,
1:44:53,,,
1:44:53,,,
1:44:57,,,
1:44:57,,,
1:44:59,,,
1:45:01,,,
1:45:01,,,
1:45:10,,,
1:45:17,,,
1:45:22,,,
1:45:26,,,
1:45:33,,,
1:45:37,,,
1:45:39,,,
1:45:44,,,
1:45:44,,,
1:45:47,,,
1:45:53,,,
1:45:54,,,
1:46:15,,,
1:46:40,,,
1:46:53,,,
1:47:02,,,
1:47:03,,,
1:47:05,,,
1:47:05,,,
1:47:06,,,
1:47:07,,,
1:47:07,,,
1:47:07,,,
1:47:08,,,
1:47:09,,,
1:47:09,,,
1:47:09,,,
1:47:10,,,
1:47:10,,,
1:47:12,,,
1:47:12,,,
1:47:12,,,
1:47:13,,,
1:47:13,,,
1:47:14,,,
1:47:14,,,
1:47:20,,,
1:47:20,,,
1:47:20,,,
1:47:22,,,
1:47:24,,,
1:47:25,,,
1:47:28,,,
1:47:29,,,
1:47:29,,,
1:47:32,,,
1:47:32,,,
1:47:37,,,
1:47:42,,,
1:47:55,,,
1:47:57,,,
1:47:57,,,
1:47:59,,,
1:48:15,,,
1:48:20,,,
1:48:43,,,
1:48:48,,,
1:48:50,,,
1:48:50,,,
1:48:57,,,
1:48:58,,,
1:49:02,,,
1:49:05,,,
1:49:12,,,
1:49:13,,,
1:49:43,,,
1:50:03,,,
1:50:12,,,
1:50:14,,,
1:50:15,,,
1:50:24,,,
1:50:36,,,
1:50:41,,,
1:50:45,,,
1:50:46,,,
1:50:47,,,
1:50:51,,,
1:51:15,,,
1:51:17,,,
1:51:25,,,
1:51:53,,,
1:52:02,,,
1:52:35,,,
1:52:54,,,
1:52:55,,,
1:53:22,,,
1:53:50,,,
1:53:50,,,
1:53:53,,,
1:53:59,,,
1:54:01,,,
1:54:15,,,
1:54:21,,,
1:54:31,,,
1:54:32,,,
1:54:32,,,
1:54:33,,,
1:54:42,,,
1:55:24,,,
1:55:26,,,
1:56:18,,,
1:56:20,,,
1:56:38,,,
1:57:12,,,
1:57:24,,,
1:57:25,,,
1:57:30,,,
1:57:56,,,
1:58:06,,,
1:58:34,,,
1:58:57,,,
1:58:57,,,
1:59:03,,,
2:00:23,,,
2:00:30,,,
2:00:50,,,
2:01:36,,,
2:01:38,,,
2:02:31,,,
2:03:03,,,
2:03:06,,,
2:03:06,,,
2:03:07,,,
2:03:08,,,
2:03:16,,,
2:03:20,,,
2:03:20,,,
2:03:32,,,
2:03:34,,,
2:04:05,,,
2:04:17,,,
2:04:18,,,
2:04:26,,,
2:04:36,,,
2:04:37,,,
2:04:38,,,
2:04:39,,,
2:04:48,,,
2:04:57,,,
2:05:08,,,
2:05:09,,,
2:05:11,,,
2:05:14,,,
2:05:14,,,
2:05:16,,,
2:05:28,,,
2:05:39,,,
2:05:40,,,
2:05:46,,,
2:05:46,,,
2:05:54,,,
2:06:01,,,
2:06:03,,,
2:06:05,,,
2:06:05,,,
2:06:17,,,
2:06:22,,,
2:06:32,,,
2:06:38,,,
2:06:39,,,
2:06:48,,,
2:06:54,,,
2:06:55,,,
2:06:56,,,
2:07:06,,,
2:07:09,,,
2:07:12,,,
2:07:14,,,
2:07:16,,,
2:07:16,,,
2:07:17,,,
2:07:17,,,
2:07:35,,,
2:07:40,,,
2:07:42,,,
2:07:54,,,
2:08:10,,,
2:08:21,,,
2:08:35,,,
2:08:37,,,
2:08:50,,,
2:09:13,,,
2:09:16,,,
2:09:16,,,
2:09:22,,,
2:09:24,,,
2:09:48,,,
2:10:23,,,
2:10:36,,,
2:10:40,,,
2:10:41,,,
2:10:41,,,
2:10:45,,,
2:10:45,,,
2:10:47,,,
2:10:47,,,
2:10:49,,,
2:10:51,,,
2:10:52,,,
2:10:53,,,
2:10:53,,,
2:10:54,,,
2:10:55,,,
2:10:57,,,
2:11:01,,,
2:11:02,,,
2:11:03,,,
2:11:03,,,
2:11:11,,,
2:11:13,,,
2:11:13,,,
2:11:15,,,
2:11:17,,,
2:11:19,,,
2:11:22,,,
2:11:50,,,
2:11:54,,,
2:11:56,,,
2:12:14,,,
2:12:38,,,
2:12:45,,,
2:12:45,,,
2:12:55,,,
2:13:07,,,
2:13:17,,,
2:13:19,,,
2:13:26,,,
2:13:32,,,
2:13:32,,,
2:13:50,,,
2:13:50,,,
2:13:52,,,
2:13:54,,,
2:13:54,,,
2:13:55,,,
2:14:03,,,
2:14:10,,,
2:14:17,,,
2:14:25,,,
2:14:28,,,
2:14:37,,,
2:14:40,,,
2:14:43,,,
2:14:45,,,
2:14:46,,,
2:14:48,,,
2:14:54,,,
2:15:06,,,
2:15:09,,,
2:15:10,,,
2:15:27,,,
2:15:28,,,
2:15:28,,,
2:15:30,,,
2:15:31,,,
2:15:33,,,
2:15:33,,,
2:15:34,,,
2:15:40,,,
2:15:43,,,
2:15:44,,,
2:15:49,,,
2:15:49,,,
2:15:52,,,
2:16:28,,,
2:16:29,,,
2:16:44,,,
2:16:48,,,
2:16:49,,,
2:16:51,,,
2:16:52,,,
2:16:55,,,
2:16:57,,,
2:17:08,,,
2:17:08,,,
2:17:11,,,
2:17:22,,,
2:17:37,,,
2:17:45,,,
2:17:51,,,
2:17:51,,,
2:17:55,,,
2:18:01,,,
2:18:05,,,
2:18:09,,,
2:18:41,,,
2:18:50,,,
2:18:51,,,
2:18:53,,,
2:18:55,,,
2:18:56,,,
2:18:59,,,
2:19:01,,,
2:19:03,,,
2:19:06,,,
2:19:09,,,
2:19:29,,,
2:19:34,,,
2:19:38,,,
2:19:50,,,
2:19:51,,,
2:19:55,,,
2:19:56,,,
2:20:17,,,
2:20:45,,,
2:20:52,,,
2:20:54,,,
2:21:08,,,
2:21:16,,,
2:21:20,,,
2:21:33,,,
2:21:36,,,
2:21:44,,,
2:21:46,,,
2:22:10,,,
2:22:30,,,
2:22:30,,,
2:22:39,,,
2:23:03,,,
2:23:12,,,
2:23:24,,,
2:23:27,,,
2:23:30,,,
2:23:31,,,
2:23:34,,,
2:23:38,,,
2:23:39,,,
2:23:40,,,
2:23:41,,,
2:23:45,,,
2:23:52,,,
2:23:57,,,
2:23:58,,,
2:23:59,,,
2:24:27,,,
2:24:31,,,
2:24:38,,,
2:24:39,,,
2:24:45,,,
2:24:49,,,
2:24:55,,,
2:25:04,,,
2:25:28,,,
2:25:39,,,
2:25:53,,,
2:25:54,,,
2:25:56,,,
2:25:57,,,
2:26:01,,,
2:26:03,,,
2:26:05,,,
2:26:33,,,
2:26:35,,,
2:26:46,,,
2:26:49,,,
2:27:54,,,
2:27:55,,,
2:27:56,,,
2:27:58,,,
2:28:21,,,
2:28:23,,,
2:28:55,,,
2:29:00,,,
2:29:10,,,
2:29:30,,,
2:29:50,,,
2:30:02,,,
2:30:25,,,
2:30:35,,,
2:30:43,,,
2:30:46,,,
2:30:50,,,
2:30:53,,,
2:30:54,,,
2:31:04,,,
2:31:10,,,
2:31:11,,,
2:31:19,,,
2:31:40,,,
2:31:41,,,
2:31:41,,,
2:31:45,,,
2:32:03,,,
2:32:03,,,
2:32:05,,,
2:32:08,,,
2:32:15,,,
2:32:20,,,
2:32:20,,,
2:32:26,,,
2:32:27,,,
2:32:31,,,
2:32:34,,,
2:32:54,,,
2:33:04,,,
2:33:05,,,
2:33:19,,,
2:33:36,,,
2:34:08,,,
2:34:12,,,
2:34:34,,,
2:34:41,,,
2:34:51,,,
2:34:58,,,
2:35:07,,,
2:35:14,,,
2:35:20,,,
2:35:20,,,
2:35:34,,,
2:35:46,,,
2:35:57,,,
2:36:08,,,
2:36:14,,,
2:36:14,,,
2:36:15,,,
2:36:16,,,
2:36:20,,,
2:36:21,,,
2:36:37,,,
2:36:37,,,
2:36:54,,,
2:36:55,,,
2:37:04,,,
2:37:08,,,
2:37:09,,,
2:37:35,,,
2:37:43,,,
2:37:49,,,
2:38:02,,,
2:38:05,,,
2:38:15,,,
2:38:31,,,
2:38:34,,,
2:38:37,,,
2:38:37,,,
2:38:39,,,
2:38:39,,,
2:38:41,,,
2:38:43,,,
2:38:45,,,
2:38:45,,,
2:38:45,,,
2:38:49,,,
2:38:55,,,
2:39:03,,,
2:39:03,,,
2:39:53,,,
2:39:56,,,
2:39:59,,,
2:40:05,,,
2:40:18,,,
2:40:45,,,
2:40:59,,,
2:41:17,,,
2:41:23,,,
2:41:24,,,
2:41:32,,,
2:41:41,,,
2:41:44,,,
2:42:02,,,
2:42:07,,,
2:42:12,,,
2:42:29,,,
2:42:33,,,
2:42:43,,,
2:43:07,,,
2:43:10,,,
2:43:11,,,
2:43:12,,,
2:43:13,,,
2:43:13,,,
2:43:14,,,
2:43:15,,,
2:43:17,,,
2:43:17,,,
2:43:33,,,
2:44:36,,,
2:44:46,,,
2:45:07,,,
2:45:08,,,
2:45:16,,,
2:45:17,,,
2:45:20,,,
2:45:23,,,
2:45:28,,,
2:45:30,,,
2:45:41,,,
2:45:53,,,
2:45:56,,,
2:45:58,,,
2:46:04,,,
2:46:20,,,
2:46:34,,,
2:46:36,,,
2:46:45,,,
2:46:46,,,
2:46:51,,,
2:47:43,,,
2:48:02,,,
2:48:05,,,
2:48:06,,,
2:48:08,,,
2:48:14,,,
2:48:48,,,
2:48:53,,,
2:48:58,,,
2:49:31,,,
2:49:40,,,
2:50:06,,,
2:50:19,,,
2:50:21,,,
2:50:23,,,
2:50:37,,,
2:50:48,,,
2:51:06,,,
2:51:10,,,
2:51:17,,,
2:51:19,,,
2:51:22,,,
2:52:08,,,
2:52:09,,,
2:52:10,,,
2:52:23,,,
2:52:32,,,
2:52:32,,,
2:52:58,,,
2:53:02,,,
2:53:07,,,
2:53:24,,,
2:53:31,,,
2:53:33,,,
2:53:34,,,
2:53:41,,,
2:53:46,,,
2:54:11,,,
2:54:12,,,
2:54:17,,,
2:54:29,,,
2:54:35,,,
2:54:37,,,
2:54:38,,,
2:54:44,,,
2:54:52,,,
2:54:58,,,
2:54:58,,,
2:55:10,,,
2:55:16,,,
2:55:40,,,
2:55:42,,,
2:55:42,,,
2:55:43,,,
2:55:45,,,
2:55:45,,,
2:55:46,,,
2:55:46,,,
2:55:50,,,
2:55:50,,,
2:55:54,,,
2:55:58,,,
2:55:58,,,
2:56:00,,,
2:57:14,,,
2:57:16,,,
2:57:26,,,
2:57:33,,,
2:57:50,,,
2:58:00,,,
2:58:07,,,
2:59:00,,,
2:59:14,,,
2:59:18,,,
2:59:25,,,
2:59:44,,,
3:00:48,,,
3:00:51,,,
3:01:06,,,
3:01:23,,,
3:01:36,,,
3:02:19,,,
3:02:32,,,
3:02:32,,,
3:03:01,,,
3:03:43,,,
3:03:44,,,
3:03:44,,,
3:04:07,,,
3:04:15,,,
3:04:28,,,
3:04:35,,,
3:04:42,,,
3:04:49,,,
3:04:57,,,
3:05:06,,,
3:05:15,,,
3:05:21,,,
3:05:24,,,
3:05:27,,,
3:05:30,,,
3:05:38,,,
3:05:43,,,
3:05:50,,,
3:05:50,,,
3:06:03,,,
3:06:03,,,
3:06:05,,,
3:06:08,,,
3:06:09,,,
3:06:10,,,
3:06:20,,,
3:06:34,,,
3:06:51,,,
3:06:51,,,
3:07:03,,,
3:07:19,,,
3:07:29,,,
3:07:37,,,
3:08:03,,,
3:08:07,,,
3:08:07,,,
3:08:45,,,
3:08:58,,,
3:09:00,,,
3:09:07,,,
3:09:09,,,
3:09:10,,,
3:09:17,,,
3:09:18,,,
3:09:19,,,
3:09:22,,,
3:09:23,,,
3:09:30,,,
3:09:35,,,
3:09:57,,,
3:10:06,,,
3:10:07,,,
3:10:13,,,
3:10:14,,,
3:10:39,,,
3:10:46,,,
3:10:48,,,
3:10:53,,,
3:10:58,,,
3:11:00,,,
3:11:07,,,
3:11:08,,,
3:11:17,,,
3:11:18,,,
3:11:19,,,
3:11:20,,,
3:11:20,,,
3:11:20,,,
3:11:22,,,
3:11:23,,,
3:11:24,,,
3:11:26,,,
3:11:27,,,
3:11:33,,,
3:11:33,,,
3:11:55,,,
3:12:06,,,
3:12:18,,,
3:12:21,,,
3:12:24,,,
3:12:25,,,
3:12:26,,,
3:12:41,,,
3:12:42,,,
3:12:58,,,
3:13:03,,,
3:13:10,,,
3:13:13,,,
3:13:25,,,
3:13:32,,,
3:13:47,,,
3:13:56,,,
3:14:16,,,
3:14:17,,,
3:14:18,,,
3:14:29,,,
3:15:00,,,
3:15:12,,,
3:15:13,,,
3:15:14,,,
3:15:16,,,
3:15:16,,,
3:15:19,,,
3:15:22,,,
3:15:22,,,
3:15:23,,,
3:15:28,,,
3:15:36,,,
3:15:48,,,
3:15:50,,,
3:16:03,,,
3:16:20,,,
3:16:31,,,
3:16:37,,,
3:16:49,,,
3:17:00,,,
3:17:03,,,
3:17:11,,,
3:17:22,,,
3:17:23,,,
3:17:23,,,
3:17:27,,,
3:17:38,,,
3:17:47,,,
3:17:48,,,
3:17:51,,,
3:17:59,,,
3:18:03,,,
3:18:17,,,
3:18:19,,,
3:18:19,,,
3:18:26,,,
3:18:28,,,
3:18:29,,,
3:18:29,,,
3:18:30,,,
3:18:31,,,
3:18:31,,,
3:18:32,,,
3:18:33,,,
3:18:35,,,
3:18:37,,,
3:18:39,,,
3:18:45,,,
3:18:46,,,
3:18:49,,,
3:19:22,,,
3:19:27,,,
3:19:33,,,
3:19:34,,,
3:19:52,,,
3:20:03,,,
3:20:08,,,
3:20:21,,,
3:20:22,,,
3:20:36,,,
3:20:40,,,
3:20:43,,,
3:20:51,,,
3:21:13,,,
3:21:16,,,
3:21:22,,,
3:21:22,,,
3:21:29,,,
3:21:29,,,
3:21:33,,,
3:21:46,,,
3:21:47,,,
3:21:49,,,
3:21:49,,,
3:21:49,,,
3:21:49,,,
3:21:52,,,
3:21:54,,,
3:21:56,,,
3:22:10,,,
3:22:16,,,
3:22:21,,,
3:22:43,,,
3:22:43,,,
3:22:54,,,
3:23:04,,,
3:23:09,,,
3:23:14,,,
3:23:17,,,
3:23:19,,,
3:23:21,,,
3:23:35,,,
3:23:35,,,
3:23:40,,,
3:23:44,,,
3:23:51,,,
3:23:54,,,
3:24:02,,,
3:24:02,,,
3:24:13,,,
3:24:40,,,
3:24:56,,,
3:25:28,,,
3:25:35,,,
3:25:38,,,
3:25:43,,,
3:25:47,,,
3:25:54,,,
3:26:22,,,
3:26:22,,,
3:26:42,,,
3:26:52,,,
3:26:57,,,
3:27:17,,,
3:27:23,,,
3:27:34,,,
3:27:45,,,
3:27:45,,,
3:27:46,,,
3:27:48,,,
3:28:10,,,
3:28:16,,,
3:28:20,,,
3:28:23,,,
3:28:38,,,
3:28:52,,,
3:29:03,,,
3:29:09,,,
3:29:10,,,
3:29:11,,,
3:29:13,,,
3:29:14,,,
3:29:14,,,
3:29:15,,,
3:29:15,,,
3:29:15,,,
3:29:17,,,
3:29:17,,,
3:29:17,,,
3:29:18,,,
3:29:18,,,
3:29:18,,,
3:29:22,,,
3:29:22,,,
3:29:23,,,
3:29:23,,,
3:29:23,,,
3:29:24,,,
3:29:26,,,
3:29:26,,,
3:29:28,,,
3:29:29,,,
3:29:37,,,
3:29:55,,,
3:30:05,,,
3:30:05,,,
3:30:10,,,
3:30:10,,,
3:30:11,,,
3:30:22,,,
3:30:32,,,
3:30:55,,,
3:31:16,,,
3:31:26,,,
3:31:44,,,
3:31:48,,,
3:31:55,,,
3:32:01,,,
3:32:02,,,
3:32:02,,,
3:32:11,,,
3:32:19,,,
3:32:21,,,
3:32:22,,,
3:32:30,,,
3:32:47,,,
3:32:52,,,
3:32:58,,,
3:33:13,,,
3:33:19,,,
3:34:33,,,
3:34:36,,,
3:34:37,,,
3:34:37,,,
3:34:42,,,
3:34:43,,,
3:34:44,,,
3:34:49,,,
3:34:54,,,
3:34:56,,,
3:34:56,,,
3:34:57,,,
3:35:00,,,
3:35:17,,,
3:35:36,,,
3:35:38,,,
3:35:39,,,
3:35:54,,,
3:36:19,,,
3:36:20,,,
3:37:35,,,
3:37:40,,,
3:37:51,,,
3:39:08,,,
3:39:25,,,
3:40:10,,,
3:40:35,,,
3:40:41,,,
3:41:08,,,
3:41:17,,,
3:41:34,,,
3:42:20,,,
3:42:31,,,
3:42:31,,,
3:42:54,,,
3:43:05,,,
3:43:06,,,
3:43:06,,,
3:43:19,,,
3:43:22,,,
3:43:32,,,
3:43:33,,,
3:43:45,,,
3:46:13,,,
3:46:17,,,
3:46:27,,,
3:47:03,,,
3:47:15,,,
3:47:36,,,
3:47:43,,,
3:47:44,,,
3:47:44,,,
3:47:44,,,
3:47:45,,,
3:47:47,,,
3:47:48,,,
3:47:49,,,
3:47:49,,,
3:47:49,,,
3:47:50,,,
3:47:51,,,
3:47:52,,,
3:47:52,,,
3:47:52,,,
3:47:54,,,
3:47:54,,,
3:47:55,,,
3:47:56,,,
3:47:57,,,
3:47:58,,,
3:47:59,,,
3:47:59,,,
3:48:08,,,
3:48:13,,,
3:48:24,,,
3:48:26,,,
3:48:33,,,
3:48:36,,,
3:48:39,,,
3:48:51,,,
3:48:54,,,
3:48:54,,,
3:48:55,,,
3:48:58,,,
3:48:59,,,
3:48:59,,,
3:49:01,,,
3:49:02,,,
3:49:03,,,
3:49:06,,,
3:49:11,,,
3:49:15,,,
3:49:16,,,
3:49:17,,,
3:49:20,,,
3:49:23,,,
3:49:24,,,
3:49:24,,,
3:49:25,,,
3:49:28,,,
3:49:29,,,
3:50:06,,,
3:50:24,,,
3:50:25,,,
征EE,,,
征EE,,,
こんはるE,,,
こんはるE,,,
​こんEるE,,,
こんはめE,,,
こんにちハルハル,,,
こんはるE,,,
こんはめE,,,
こんにちは,,,
こんはめE,,,
こんはるE,,,
こんはるEです！E,,,
こんはるE,,,
乁EE通知くんが生きてめE,,,
永遠に言ってめE,,,
こんはるES3はフラチEラインですか,,,
フラチEラインの横反動って抑えれるんですかEE,,,
\EEEE!!!/,,,
なんとびっくり,,,
しゅごい,,,
すごぁEす！笁E,,,
めEは難ぁE,,,
パターンリコイル覚えたらぁEる！なぁE,,,
こんはるE,,,
レレレ撁Eするときに頭混乱しなぁEE,,,
リコイル覚えてるEすごぁEぁE,,,
こんはる、E,,,
こんはるE,,,
こんはる、E,,,
もう等倍いらなぁEめE,,,
こんはるE,,,
こんはるE,,,
あとはサイト付いてた方がかっこいぁEめEEE,,,
こんはるE,,,
まあ実際アサルトライフルって重いからね,,,
エイム勝負になっちめEねぁE,,,
こんはる、E,,,
こんはるE,,,
2PTめEるEは荁E,,,
こんはるEEE,,,
こんばんE,,,
Twitter,,,
こんにちはー,,,
荁E,,,
Eスター,,,
Lスターくん・・・,,,
こんはめE,,,
こんはるE,,,
こんはるE,,,
こんはめE,,,
虚空もEータルも強ぁE,,,
こんにちは,,,
AポEズバグすき,,,
EEE,,,
レイスのが使用玁EがるEかな,,,
厳つぁEチEしてるな,,,
こんはるE,,,
ブラチEハウンドEどぁEす！E,,,
レイスだと生存率上がってるなと思う,,,
クリプトが案外屁EぁEE,,,
初手紫はあちち,,,
こんはる、E,,,
今Eは敵でしたね・・・,,,
挽回するしかなぁE,,,
クリプト強ぁE思うのは自刁EけだろうぁE,,,
クリプトって強ぁEすEよE,,,
荁E,,,
こEゲーム壊れてめE,,,
せっかくドローン出してもエイム強老E壊される,,,
EMP,,,
強すぎてびっくり,,,
つよいねぁE,,,
ショチEガンプロ,,,
メイドインお寿司,,,
今でもE刁E,,,
スピファ強ぁEすかEE,,,
カーゴボットE爁Eで死にかけるEがつらい,,,
たしかに,,,
ハEチE持ち替え遅ぁEE,,,
エネアモ武器敁EE悩みEE,,,
素ボックずっと持ってたくなぁEらなぁE,,,
こんはるE,,,
なんだかんだ,,,
また、EぁE器使ってたw,,,
フラトラ前Eボロクソ言ってたEにね・・・,,,
使ぁEなせなぁE態から使わなぁEぁEなぁEてことぁE,,,
タボチャ拾えたら使おうくらぁEE,,,
フラトラを信じて使ぁEけててほんとよかっぁE,,,
タボチャあったって喜んだらレシーバEだったこと多い,,,
なぁEぁEE,,,
あれEスピファイつよくねEE,,,
一周回ってスピットファイアのヘッショダメージが評価されてきたな,,,
なぁEぁE,,,
なぁEぁEE,,,
弾数の暴力がめEEぁE,,,
弾幕Eパワーだからな,,,
こんはるE,,,
スピファ挙動が気持ち悪ぁE,,,
まぁEMGだしE,,,
何気にレイスオシャレだよE、ネイルとか塗ってるし,,,
フラトラって近距離どれくらい火力でるEEE,,,
チャーライに横槍Eれられるのホント嫌だな,,,
ジブゲーミング,,,
フラトラと,,,
暑苦しいなぁE,,,
ジブラルタル強ぁE思うんだ,,,
こんはめE,,,
荁E,,,
荁E,,,
セル引っこ抜くEだるいんじめEE,,,
こんはめE,,,
チャーライマジでストレスマッハ武器,,,
トリプルチEクと同じぐらぁEE落ちるよぁEしよぁE,,,
こんはるE,,,
先Eレーザーを２かEダメにしてくれ,,,
めEと楽しいけどめEれると鬱陶しいよEx,,,
アーマE割れるスピEドがえげつなぁE,,,
反動もなぁEEずるだよなぁ笁E,,,
雁EストEカーに追われてぁEす！E,,,
砂が強ぁE墁Eとひたすらにヘイトしか集めなぁEぁEね・・・,,,
敵とめE合ってる時に遠くからEちってくるのがまじくぁE,,,
チャーライはそもそも支援物賁E器枠かと思ってたわ,,,
こんはるE,,,
ただ詰める判断出来なぁE多いからぁEぁEけで致命傷になりにくいのが救ぁE,,,
こんはるEEE,,,
他Eゲームでもチャージ系SRが強ぁE代はインフレの始まりでした・・・,,,
チャーライのおかげで漁夫しやすくなったよね,,,
回復がどんどん削れてぁE,,,
お手軽アーマE破壊くめE,,,
あいつら電車にひかれなぁEな,,,
こんはる、今期EEEEｲのせいでセル不足になめE,,,
こんにち ハEチEもフラトラも上手くなるにはひたすらリコイル練習！E,,,
こんはるE今日は早ぁEすE,,,
今シーズンはセル雁E大事だよE,,,
新品E青Eスだって欲しいレベルめE,,,
オクタンもなぁEと思ったらまぁEるし,,,
ドケチバンガ,,,
金LESTARは悲しい,,,
宝部屋空くE明後日とかだっけ！E,,,
エルスターとチャーライ入れ替えても問題なさそぁE,,,
PS4だとLスターも強ぁEらE・・,,,
EEEEｲウザすぎて牁ESRか翼男持って弾枠減らしてセル持ってますわ,,,
こんはるE,,,
荁E,,,
荁E,,,
スピファもあたる,,,
ナイスゥ,,,
味方もつよい,,,
フィニッシュが活かされとめE,,,
相対皁Eフィニッシャーが大事になるとは,,,
あ～うまぁEじゃァEE,,,
はぁEE断,,,
2,,,
ふたりともすぐEるじめE,,,
またソロモーチE,,,
民度が…,,,
なぁEぁEE,,,
まぁE生EイントなぁE,,,
ナイスゥEE,,,
ナイスゥ,,,
なぁEぁEE,,,
野良ソロになりがち,,,
つよい,,,
ナイスゥ,,,
ぁEぁEE,,,
ナイスゥEE,,,
すげぁE,,,
さすはめE,,,
つんよぁE,,,
もう民度はかなぐり捨ててる定期,,,
まあこの段階じめEE生E無琁EぁE,,,
ナイスゥ,,,
つよすぎぃ,,,
流石にフルパEぁEさそぁE,,,
琁Eは漁夫,,,
争え...,,,
上下と外だと外Eが一番つらいねぁE,,,
回復勝負になるか,,,
GG,,,
つらい,,,
殴りE草ですわ,,,
荁E,,,
gg,,,
ああああ,,,
おっしい,,,
おしぁE,,,
EEE,,,
gg,,,
gg,,,
おしぁE,,,
んE、おしい,,,
gg フルアーマEで荁E,,,
ワンチャンあったな・・・,,,
gg,,,
EEE,,,
倒しちめEけなぁEだっぁE,,,
おしー,,,
おしぁEぁE,,,
金バチEなら勝ってたな,,,
gg,,,
蘁E通ったEが神すぎたけど惜しかっぁE,,,
金バチEなめE,,,
おしすぎぁE,,,
金アーマEなら巻けた,,,
今日もE気に2800DmgオーバEである,,,
殴りも荁E,,,
それはサモナEズリフトマップでなぁEE！E,,,
こんはるE,,,
こんはるE,,,
金バチEあったらワンチャンあったE,,,
金バチE金Eル金盾なら勝てって言われてぁE,,,
自己蘁EしてたときE敵の焦り方おもしろかっぁE,,,
金バチE持って金盾蘁EするとアーマE回復するのね、しらんかっぁE,,,
こうめE状況になったら金バチEマジで可能性感じさせるE,,,
同じバッジ付けるEまだできるんだ,,,
追突事故で荁E,,,
ふぁEEE,,,
ナイスゥ,,,
なぁE,,,
ナイスゥ,,,
後ろから殴られなければ生き残るハル吁E,,,
こんにちわａE,,,
きんたまけいさつもﾁEEEE,,,
金玉のおかげで金アイチE持ち多くなった気がする,,,
これはチEムなら使えるチEでは,,,
アンビル金枠の器じゃなぁEなEE,,,
ゲーミングマウスあるある,,,
DPI変更するの使ぁE面ってあるのかなってぁEも思う,,,
タボチャは使ぁE器どっちも純強化だもんなぁE,,,
あつそうあつそう,,,
焼きナスアーマE,,,
gg,,,
gg,,,
それは無琁EぁE,,,
gg,,,
gg,,,
ハEポッポつえE,,,
つらい,,,
ふむふむ,,,
アーマE削れた瞬間ダウンするから恐ろしい,,,
こんはるE,,,
今味方が理解できなぁE動してめE,,,
金玉EEE,,,
99,,,
おじさんのきんたま,,,
ぁEぁE,,,
初見です、E,,,
きゃんたまおいしい,,,
渋谷ハル「玉おぁEぁE、E,,,
みかたちめEぁE,,,
きんたま結構飛んでるしね,,,
こんはるEEE,,,
チEタマを喜んでカチ割る渋ハル,,,
6桁E数字をスラっと読むの草生える,,,
きんたまにも青入ってたE,,,
初コメでぁE,,,
こんはめE,,,
結局途中抜けペナルチE実裁EれたのEE,,,
可愛い,,,
荁E,,,
こんはるEでぁE,,,
荁E,,,
荁E,,,
屈伸コミュニケーション,,,
エントリー料倍と,,,
こE前ランクでダウン即抜けぁEめE,,,
シューチEング系ゲーム程毎日の練習が大事なことはなぁE思う,,,
街物賁Eいな,,,
初動は完Eにガチャだから全武器使えるに越したことは無ぁEなおモザチE,,,
使える武器が多けれE多いほど有利、LoLのチャンプEールに近い何かがあめE,,,
こんはるEチEムにクリプトぁEとめEぱ違うEE,,,
モザビも使えるに越したことはなぁEだよなぁ…使ぁEくなぁEど,,,
EE👏👏,,,
火力E塁E,,,
今きぁEこんはるE,,,
長距離めEるE強ぁEなハEチE,,,
まあモザビも今シーズンは明確にパンチよりE強くなったと思うから無ぁEりEシだとは思う,,,
タボチャのレアリチE紫にして欲しい,,,
荁E,,,
荁E,,,
荁E,,,
出荷よａE,,,
荁E,,,
シールド回復ができるからE震ぁE,,,
こんはるE,,,
レイスの出荷くるおしぁEどすき,,,
あっ,,,
えE,,,
ぁE,,,
EE,,,
あっ,,,
あ･EE,,,
wtf,,,
ぁEわE,,,
ここでぁE、、E,,,
ぁE,,,
これだけE改喁Eく欲しいな,,,
あららE・,,,
初期の頁Eもいだすわ,,,
あ…,,,
これはEAの敗北,,,
ぁE,,,
あら,,,
生き返れ生き返れ・・・,,,
RIP,,,
CS勢だけどマッチ中はハル君ほどは落ちなぁEめE,,,
キルも取れてたEにもったいなぁE,,,
ハルくん楽しかったでぁE,,,
エラーメチEージとか表示されずに落ちるEかなEE,,,
CSはあんま落ちなぁEねぁE,,,
これランクでもなります！E,,,
アプデの度に先祖返りする気か,,,
コマンドラインでmaxthreadsぁEぬん言ってるよね,,,
私も落ちることなぁEですよね・・PC版だけど,,,
こんはるEEE,,,
確かに初期もそぁEったな・・・Apexさせてくれーってハル君が叫んでた頁E思い出ぁE,,,
初期の頁EEあんま知らなぁEEですけど、こんなに落ちたんですかEEE?,,,
9700が落ちるんだっけか,,,
CPUの相性だっぁE,,,
私もちめEちめE落ちますE,,,
普段めE鯖とか関係なぁEE,,,
こんはるE確実に増えてはぁE気すめE,,,
さっきEオクタンです。ありがとぁEざいましたEE,,,
コア数の多いCPUと相性が悪ぁEEE,,,
環墁Eえてる人の方が落ちてるイメージあるのよなぁE,,,
初期はこれに合わせてチEターがEどかったからなぁE,,,
へぁE,,,
学校おわったE、こんEるE,,,
そうだっけか…,,,
人気やべーぞってなって1ヶ月くらいで一気に増えたよね,,,
ぱぶじE楽しかったですまめE,,,
あれE０ダメなんだよE,,,
..........,,,
バンガの「私Eよ」がきけるEか！E,,,
曜日感覚が・・・,,,
金曜にカレー食べるみたいなことするべきでは,,,
おなじバチEをつける方法教えてください,,,
海の上だからね,,,
こんはるE,,,
潜水艦とかでのカレーにはそうぁE意味あるで,,,
海で曜日感覚無くなるかめE,,,
海の上で曜日感覚忘れなぁEめE,,,
あるで,,,
長期に海洋で活動するE業はだぁEぁEんな,,,
定期メンチEあるゲームをやろう,,,
教えてくれてありがとぁEざいまぁE,,,
つっめE,,,
見え見えだぜ！E,,,
なぁEぁEE,,,
つっめE,,,
なぁEぁE,,,
なぁEぁE,,,
EｽEﾌﾗ無ぁEEが最強,,,
はえEすっごい,,,
つっめE,,,
迫真ディヴォーション部再開あるなー,,,
こんにちはEE,,,
タボチャなくてもこれだからチEヴォはめEられなぁE,,,
送E金バレがなぁE、暴れ馬と化しますからE、、、E,,,
金バレルそんな効果あったEぁE,,,
Lスター君にも付けさせてクレメンスEE,,,
教えてぁEだき感謝しまぁE,,,
こんはる、弾にエネルギーぶち込んでるんでしょ,,,
ストックはADSする時E速さでしたっけ！E,,,
ほしいときに限ってなぁEEがタボチャ,,,
リコイルEE,,,
ハルくんが落ちた試合ですが、E位でしたE楽しい試合でしたEE,,,
サプレチEーは音だしなぁE,,,
フラチEュハイダーEE,,,
乁EEE部活感謁E,,,
視界確保E老EたことなかっぁE,,,
gg,,,
gg,,,
GG,,,
EEE,,,
gg,,,
gg,,,
金武器のパEチEせるよぁEなんEーかなー,,,
EE,,,
gg,,,
ストックは武器刁E替え速度、覗き込み、AIM時E揺れを抑制すE,,,
gg,,,
先手アークスター,,,
gg,,,
gg,,,
gg,,,
グレかテルミッチE,,,
プレチEーが上手ぁEだったらって発言こわひ,,,
効玁Eに漁りつつ動くルートとかも覚えるまで冁E追われめEぁEすよね,,,
こんばんEニャEE*´ω｀*)❤,,,
ブラハ君つよつめE,,,
今EEEEEﾝ結構リング際かなり多い,,,
かなり敵多い,,,
P2020アキンボできたらアチE,,,
マップが庁EなったせぁE気づくとアンチに追われてキワキワに・・・,,,
なぁEー,,,
せめてもう1人とは同時に行けなぁE辛い,,,
一回目はぁEとして2回目の篁E迫ってるEに漁り続ける人とか結構･EE,,,
こんはるE,,,
パスファインダー,,,
カーゴにハEポ乗るEE,,,
こEマップ山と山の間や洞窟だったりで狭ぁE路通らなぁE冁EEれなぁE況多いから、リング意識かなり忁EすよE,,,
ハルさん声,,,
ハルさん声かわぁE💛,,,
こんはめE,,,
中距離で割って地獁EE底まで追ぁEける構E,,,
細ぁE多いもんね,,,
渓谷かトンネル通らなぁEぁEなぁE増えましたよE,,,
こんはるａE,,,
渋谷ハル焼ぁE,,,
すぐ挟まれる,,,
こんはめE,,,
溶岩地帯はもうちめE上がりやすくしてクレメンス,,,
なぁEぁE,,,
そこの下E部マグマだと思ってぁE,,,
地形ダメとかいぁEｓ要素,,,
こんはるE,,,
刁Eみ深ぁE,,,
ガラス割れてもろて,,,
真ん中の動けばおしめEだっぁE,,,
そうぁEば泳ぐ要素なぁEね,,,
しかもジチEE乗るのも一旦飛EなぁEアカンのもÁE,,,
回転ドア,,,
泳ぁEる間撁EなぁEとが大抵だしなぁE,,,
列車庫だか燃料庫はパスに上E方とられてきつぁEEが何回もあめE,,,
最近EチEEが洪水で沈んだCoDくんの話はめEろぉEE,,,
BFとCODにありましたね泳ぁE..,,,
こE家の下も引っ掛かりやすくて嫌いではある,,,
謎高層ビル,,,
なぁEー,,,
BFは雰囲気ゲーだし泳ぐEはありだと思う,,,
ひめEーつよい,,,
なぁEぁEE,,,
鮮めEだっぁE,,,
スピファのぁEEんこの感がすごぁE,,,
ナイスゥ,,,
スピファは初動だと強ぁE,,,
なぁEぁEE,,,
もしチEム戦の場合カバンだとハル君持つとぁEのか他が持つ方がいぁEEぁE,,,
背中で語る,,,
なぁEぁEE,,,
なぁEぁE,,,
ハEポつえぇ,,,
p2020つっよいんですE,,,
ハEポE現役めE,,,
Twitterで話題になったE,,,
ただの紫バック扱ぁEぁEと思うめE,,,
ライフラと相性ぁEね,,,
レイスとか送EれるしEータルで蘁E役持てそう,,,
金EルジブEEE,,,
クリプトは金Eル投げめE,,,
無琁Eり起こしても半刁Eらい体力あるからマジで強ぁE,,,
こんちわぁEE,,,
金バチEEｲEﾗE無琁Eり起こして即戦力E祁E,,,
nihon,,,
金メチEは今んとこジブが良さげかなぁと思ってめE,,,
金アーマEでジブシールドE中だとどれくらい回復早くなるんだろ･EE,,,
おいしい,,,
ジブシールドをジブドールに空目して地獁E見た,,,
ジブシールドEは金ｱEEｰ優先で重褁EなぁEEぁE,,,
EEE,,,
ggwp,,,
gg,,,
EEEE!EEE,,,
gg,,,
gg,,,
GGWP,,,
ナイスゥEE,,,
重褁EなぁEEか･EE,,,
NAISUU,,,
gg,,,
ggwp,,,
gg,,,
ナイスゥEE,,,
放物線描ぁEる敵に当てるEぁEぁE,,,
EEE,,,
ggwp,,,
ggwp,,,
gg,,,
GGWP,,,
珍しくチャーライ見なかっぁE,,,
こんはるａE,,,
実感わかなかったけどシールドEめEぱり回復早ぁEEEE,,,
チャーライぁEぁEストレス減るね,,,
何だこEライダーみたいなコースチEチE,,,
最終安置で結構残ってる武器種変わってるイメージある,,,
ちめEぽん部隁E,,,
チャーライ以外Eスナならまだ許せるめE,,,
ケリンさんEEE,,,
めEめEめE,,,
バッジ三つだから倒す時も三人で殴りにかかるEがセオリーなのか、E,,,
さっきみぁE,,,
チEャチE,,,
悲しいなぁE,,,
再放送E,,,
かわぁEぁEEEE,,,
再放送か,,,
あっ,,,
別部隊だってぁEようになったし,,,
ライトニング✡タカシ,,,
部隊数なんとなくEかるのありがたぁE,,,
別パE報告本と助かる,,,
プレイヤーが知り得なぁEと言ってくれるEぁEぁEなぁE,,,
ライフラ回収無琁E,,,
これはきつぁEE,,,
野良してたら開幕目の前に4人ジブ屁E草生えた,,,
なぁEぁEE,,,
ナイス,,,
ひええええぁE,,,
ナイスゥ,,,
きがぬけなーぁE,,,
なぁEぁE,,,
ナイス,,,
物賁E収する時間が…,,,
報酬が無ぁE,,,
ブラチE戦場…,,,
何E成果も得られませんでしたEEEEE,,,
かなしみ,,,
これはひどぁEE,,,
見せもんじゃねぁEEE,,,
僕を見なぁE,,,
見世物とかした渋谷ハル,,,
クリプトって覗き見しめEぁEEぁE,,,
是が非でも漁夫りたぁE,,,
新マップ漁夫きすぎて辛い,,,
なぁEぁE,,,
青Eスが今EあったけぁE,,,
コースチEチE最悪武器なくても場所取れるE強ぁEEぁE,,,
なぁEぁEE,,,
ナイスゥ,,,
ありますEぁEE,,,
なぁEぁEE,,,
おいしい,,,
ぁEガス,,,
大送Eある,,,
良ぁEE,,,
ぁEぁE,,,
見事なキルだ,,,
良ぁEEコレ,,,
ナイスゥEE,,,
見事なキルだEE,,,
おいしすぎる,,,
ありますEぁEE,,,
箱がいっぱぁE,,,
ダブル99EａE,,,
セレクトEラウラ,,,
R9999,,,
こんはるａE,,,
1足したぁE,,,
どっちも拡張マガジンぁEの付いてるし,,,
頭わるわる構Eだなぁw,,,
Rフォーナインだ,,,
スモークの中に突撃裁E,,,
バンガ強そう,,,
実際1本だけだと不安になったしありありのあり,,,
近距離は最強,,,
R10998.9E込EE,,,
3ベスよこせぇEE,,,
多すぎんなぁE,,,
E(^o^)EｵEﾀ,,,
EEEEEEEEEE,,,
おC,,,
gg,,,
gg,,,
gg,,,
gg,,,
gg,,,
gg,,,
gg,,,
漁夫祭めE,,,
それはある,,,
ショチEガンの出番減った気がする,,,
みんな身の安EがEだから強ぁEンジが伸びたらそうなるわ・・・,,,
環墁E使用玁E下げてぁE。世E常,,,
SGの間合ぁE入れなぁEだよなぁE,,,
バトロワの醍E味の漁夫の利、、E,,,
屋EめEE蔽物顔EしEめEぱり強ぁE态E,,,
インファイト好きだもんね,,,
こんちぁE,,,
eva8,,,
あれだけ暴れてたハマEくんぁEくなって悲しい,,,
ハルくんが近距離型だからね,,,
チャージライフル持った陰キャたちが遠くからEちペちしてくるから、ほんとインファイトしにくい、、、E,,,
あっチャージライフルに慣れすぎた砂におすすめのセレクトハボックさんだEE,,,
なぁEぁE,,,
なぁEぁE,,,
セレクトハボックさんは、、いぁEでしたよ、、、E,,,
なぁEぁEし！E,,,
ハEチE好きだけど強ぁEEEE,,,
こんにちは、渋ハル見てるか〜！E,,,
チャーライぁE,,,
金玉EE,,,
こんはるE,,,
こんはるE,,,
玉健康状態ヨシEE,,,
ハンマEポイント楽しくてすきモザンビEクすき,,,
カーゴボットって上撃てば一発で壊れるEぁE..,,,
こんにちハEーーー,,,
修正して欲しい、、チャーライ、、Eくからノータイムで届いてあE威力はせこぁE,,,
早朝？Eはつめさんとの金たま笑いましたw,,,
話大きく変わるけど今週末台風直撁EE恐れとか怖すぎ問顁E,,,
渋ハルめEたがりだから金バチE微妙よね,,,
初期最強候補あった気がするスピファさんも、E,,,
ライフラ屁Eらバック上げてしまぁE,,,
どんな修正来るかなぁEチャーライ,,,
しかも今季最凶台風の予定だぁE,,,
台風ヤダですE,,,
家から出なくても電気止まりました,,,
ぁE、、でしょEE,,,
F1日本、PJS、スプラ甲子園近畿、紁E夢等、E響多すぎなんだよなぁE・・,,,
え、それE、、E,,,
こE前E台風より強ぁEEぁE,,,
プラウラーなんならリコイル簡単になってもいぁEだよな,,,
コロチEを量産する作業に戻るんだ,,,
プラウらにセレファ標準でつけて,,,
頼むからもう十Eには来なぁEくれ……,,,
東方でござ,,,
東方のオンリーだね,,,
私E台風よ（バンガ並EE,,,
東方っぽぁEて言ぁE関西の東方即売会でござ,,,
紁E夢は大阪の東方オンリーだったか,,,
金バチEは上手ぁE優先で皁E手ぁEらライフラ最優先次点でレイスジブバンガとかかな,,,
アンビルレシーバEは強ぁEEEあったらぁEな程度EE,,,
プラウラーくん、完Eに,,,
十E直撁EE実家周りがまた死ぬ・・・,,,
台風は災害のこと、これE低気圧めE,,,
あEね,,,
増えるオクタン,,,
道連れってか踏み台にされて99復帰したんだぁE,,,
ナイスゥ,,,
多E次直撁Eたら私E死ぬ(マジで),,,
一応現在のコースとしては九州からまたも当たる予定！E9号さんEE,,,
屋根は吹っ飛Eし電気E使えなくなるし床とか天井E腐るし……めEてくれぁE,,,
こんはるE,,,
クリプトくんの,,,
67ダメは荁E,,,
EEE,,,
なぁEはまぽ,,,
金ヨロイぁEー,,,
なぁEぁE,,,
フラチEラインくんに恐れおEのきましたね,,,
ナイス,,,
ナイスゥ,,,
パスファインダー後期垁E,,,
HPは個人差あるから…,,,
ハンマE2020つよいなーw,,,
裁EがEり輝き出したな・・・,,,
なぁEぁEす！E,,,
カバEあちーち,,,
カバEありがてぁE,,,
もうここまで台風来るとなると慣れすぎて対策できてる沖縁E建築かもしくE豪雪用になってる北海道型建築が最強ではEと感じてしまぁE,,,
つぁE、うっ血アーマEから金たま裁Eに,,,
敵さん殺意高すぁE,,,
カバEなかったらアウだった…,,,
強ぁEと言ぁEがら後打ちで追ぁEってめE,,,
金Eか裁E,,,
これヤバイな,,,
守護天使してもろて,,,
そうかカバンあると蘁E間に合うようになるEぁE,,,
こんにちめE,,,
予想通り、E,,,
こりめEピEキーくんか、、E,,,
斜め上から来てましたね,,,
かっこいぁE,,,
圧倒的脳筁E,,,
微妙に建物の形違うのあるよE,,,
ナイスゥ,,,
困惑するしぶある,,,
ナイスゥ,,,
強行突破,,,
倒せばモーマンタイ,,,
なぁEぁEEE,,,
さてあと1部隁E,,,
ナイスゥ,,,
こEPTつよつよやね,,,
つよい,,,
金アーマE二人とかつっめE,,,
金玉を蹴りつける,,,
傾斜EさっきEより急なのに氷の針状のとこE登れるとぁE,,,
これはかったろ,,,
バッグもだ,,,
金ピカに光ってますEパEチEぁE,,,
さらに金バチEを支援する強老E,,,
こんはるE,,,
こんはる、E,,,
こんはるａE,,,
盾出たら面白かっぁE,,,
こんはる〜系統の能力どぁEったEEE,,,
ハンマE2020が良ぁEじに刺さりそうな構E,,,
味方の武器も見れるよぁEなったら武器の種類とかが刁EったEかりの初忁EEとってはありがたぁEすE、、E,,,
かったな,,,
ggwp,,,
ナイスゥEE,,,
EEEａE,,,
なぁEぁEEE,,,
ggwp,,,
EE👏👏,,,
ggwp,,,
ぁE味方,,,
GG,,,
あEねぇgg,,,
gg,,,
GG,,,
gg,,,
EEEE!!,,,
ggwp,,,
ggwp!!,,,
EEE,,,
ggwp,,,
GG,,,
ggwp,,,
ggwp!,,,
GGWP,,,
gg,,,
じEじE,,,
ダメ出てるな,,,
良ぁEメージ,,,
3000惜しぁEEE,,,
ギリギリ,,,
EE,,,
めEれたと思ったらちめEぽんだっぁE,,,
こんハル,,,
ただしアーカイブにはある,,,
こんはめE,,,
録画忘れってマ！E,,,
こんはるでぁE,,,
高評価ポチポチEE,,,
今やってたらフルカスチEヴォ持ったジブに蹂躙された……,,,
荁E,,,
レイスはE０００ダメ狙う用にEE,,,
しつこいくらぁEった方がいぁEは聞く,,,
はえE,,,
あかんバレてまぁEE,,,
ちE、、登録してることバレましたか、、E,,,
ふぁEりすさん9割登録してなぁEか言ってたEw,,,
私Eしてます！E,,,
流れ星でも流れたか,,,
2.08丁EとぁE悲しみであるEハルくん,,,
エピセンの氷は大刁Eれるイメージ,,,
んちめEE,,,
中遠距離戦が主体になったEに弱体化食らったオルタと,,,
陽キャビEム,,,
レイスの坊主スキン怖いんだけど,,,
現在趁E悪の陽キャビEムくん,,,
こんはるａE,,,
三つ編みの髪型スキン下さぁE,,,
レイス、もっとかわぁEスキンだして,,,
チャージライフルが飛E交ぁEEライブハウスのよう,,,
チャージライフル威力がどれだけ下がっても継続ダメがある時点で早、E廁EはならなさそぁE,,,
そら実験体だからね。頭は剁Eれる,,,
可哀想なチャーライくん,,,
チャーライはスチEEジ照明だったE・・EE,,,
99,,,
旧マップちめEちめEめEたくなりまぁE,,,
チャーライくんはスピファと同じ道を辿ってしまぁEEぁE..,,,
最近追っかけっこ流行りなのかなEE,,,
お世話になっております、E,,,
ブロスフゥンダルすき,,,
すっぁE,,,
新たな陰キャポジ,,,
ランクマだと良さそぁEポジ,,,
お世話になっております、E,,,
EE👏👏,,,
今あたってたよねE？！E,,,
今EナイスめっちめEイフライン,,,
ぎりぎり,,,
ナイスゥ,,,
EE👏👏,,,
こんはる、E,,,
相変わらずエロぁE,,,
送EったかもしれEぁE..,,,
初見でぁE,,,
遮蔽多ところと少なぁEの差が凄ぁEE,,,
めEEりスナイプ練習するしぁE,,,
ニャEEФωФ),,,
何人ぁEんだEE,,,
最協決定戦以来に来ましたw,,,
ハルさんが強ぁE思う武器は何ですかEE,,,
なぁEぁE,,,
しEはるに轢かれましたこんはるE,,,
名前見たらハルくんの部隊でした。やられたあと気付きましたEａE,,,
陽キャビEム,,,
なぁEぁEE,,,
ウィングマンがまた強くなりましたね,,,
ハルさんのチEEペロは、天使👼,,,
ケアパケ武器使ぁEは確実に減った感じすめE,,,
難しいパターンリコイルなら練習できるからね,,,
赤く見えるだけでアチE,,,
なぁEぁE,,,
なぁEぁE,,,
立て直しまにあうぁE,,,
gg,,,
gg,,,
gg,,,
gg,,,
gg,,,
gg,,,
EE,,,
ブラはウルトで敵見えてなくて荁E,,,
gg,,,
オルタ,,,
三Eの一は登録してなぁEEぁE,,,
すみません残りの,,,
なるほどなー,,,
開きは12.5%ぁE,,,
全体だと耐乁Eかでたまに見に来る人もいるから下がりそぁEE,,,
荁E,,,
登録しなぁEは配信してるってどこから知るんだろうEE,,,
荁E,,,
荁E,,,
40パEなんで登録しまぁE,,,
とぁEくしました,,,
刁Eりみ,,,
配信ランキングもあるでめE,,,
おすすめできましたE登録はまた今度EE,,,
何回か見てれE勝手に関連で出るからEぁE,,,
荁E,,,
チャンネル登録しなぁE見れるからこそE良さもある,,,
おすすめによくみるなら登録してるぞ,,,
荁E,,,
荁E,,,
おあずけプレイ,,,
あんまり見なぁE登録してると登録チャンネル一覧がごちめEちめEるってのもあめE,,,
スマEからだとチャンネル登録しまくると一覧タブが見にくくなるからそれEありそう,,,
きんたまけいさつもﾁEEEE,,,
登録ボタン114514回おしました,,,
荁E,,,
正直全てはチEEのチャンネル管琁EEがアレなのぁE,,,
しゃーなぁE録しました,,,
登録老Eャンネルで赤くなってるやつしか見なぁE,,,
500チャンネル登録してめE,,,
私E属性ごとにようつべ垢刁Eてるぞ,,,
アレ動画とアーカイブ別で表示できなぁEEがなぁE,,,
200趁EてるけどちめEとごちめEぁEめE,,,
属性とは,,,
それは有E,,,
登録しろと言われたEで、登録しました。よろしくおねがいします、E,,,
アカウント褁E作って,,,
こんはるE,,,
ただしE数回なので抜けてる説,,,
そEペEジの刁EがぁEくやってくれると困らなぁEEにねー,,,
PC,,,
300以上登録とかザラだし…V界隈・・・,,,
ひよこクラブってVの配信の惁Eサイトもあるね,,,
Vtuber登録すると喜Eから軽玁E登録してたらこんなことに,,,
登録しすぎるとペEジ開きたいとき結局ググった方が早ぁEてなめE,,,
登録のタグ刁EできEーかなー,,,
登録してるしなんならEルまで押してめE,,,
武器構E決まりましたEE,,,
寝っ転がりながら配信見るの楽なんだ,,,
世界皁EみたらPCのが多そぁEからスマE優遁EEなさそぁEEE,,,
ベル押してるけど通知くん仕事しなぁEE,,,
ベル押しても通知死んでめE,,,
あ、E知来た見るーってなめE,,,
そEまま寝る事が…,,,
最近Chromeがyoutube通知をEチEEアチEEでお知らせしてくれるE何気に助かってめE,,,
ダブルタチEE,,,
配信中のは全部上にぁEてくれ,,,
事前に枠作って非E開からE開にすると通知行かんってのは聞いぁE,,,
i love you,,,
頑張って動画出すと配信通知死ぬとぁE無常な仕槁E,,,
荁E,,,
荁E,,,
荁E,,,
急に歌うよE,,,
荁E,,,
クリプトどぁEいますかEE,,,
告白のタイミング荁E,,,
突然な音楽ライブ草でぁE,,,
渋ハルはネコ亁E,,,
荁E,,,
お歌たすかめE,,,
唐突である,,,
EE🎵🎶🎵🎶🎵,,,
荁E,,,
急に歌うめE,,,
突然エコー掛けるな,,,
これは(ジャンチE尾崁E,,,
めEE,,,
ながいめEw,,,
ぁEぞ、E,,,
めEE・・,,,
急にとまるやめE,,,
今一瞬止まったE落ちたかと思ったわ,,,
世代がバレるぞ,,,
i like you,,,
クリプトとミラージュ似てねEE,,,
尾崎三E弟でも尾崎豊でも老人会チェチEになるんだよな,,,
そして,,,
クリプトの方が少しわかぁEらいかなEE,,,
允EEなくとも従弟っぽぁE,,,
生き別れE・・・とかありそぁE,,,
そしてぁEまでたっても飯は奢ってくれなぁE,,,
こんはるE,,,
換気……間欠況E,,,
間欠泉すぁE,,,
プレチEーの威圧からのレイス坊主の威圧に恐怖を感じました,,,
空気E悪くなる換気扇,,,
知らなぁEですがそれは,,,
ぁE曲ですもんE,,,
キリスト知ってる人は2000歳趁Eてる説,,,
15の夜とI love youはセーチE,,,
20代中盤くらぁE知ってる知らなぁEチEリわかれそぁE,,,
本人の聞いて来ます、E,,,
のがれぁEEがれぁEどり着ぁE,,,
まだ新環墁EなれてなぁEだけどどぁEたらEE,,,
今E子Eガラス割ったりバイク盗んだりがわからなぁE,,,
でも世代によるかもしれん、CD・MD全盛期かそぁEなぁEで比輁E変わめE,,,
尾崎豊E息子E方しか知らなぁEとかおるんめEぁE,,,
若ぁEだとクリス・ハEトじめEぁEE,,,
遠距離戦が多いよな、このスチEEジ,,,
今E子ってどのくらぁEE歳なのか曖昧でわからん,,,
今E子E盗んだバイクで走りださなぁEら…,,,
行Eもわからずにバイクで走るんめE,,,
盗んだバイクを買わされた 鍵がなぁE動かなぁE,,,
親が聞ぁEたりすれば自然と覚えめE,,,
ぁEすぎ,,,
こんはるでぁE,,,
そんなグラセフじめEるまぁE,,,
めっちめEぁEめE,,,
ピスキ痛い,,,
あぁ…,,,
EEE,,,
gg,,,
gg,,,
gg,,,
EE,,,
gg,,,
gg,,,
無琁Eのじゃ,,,
gg,,,
15の夜と「濱口ドッキリ」が繋がる場合E老人会値チェチEダイスロール,,,
gg,,,
gg,,,
gg!,,,
EEE,,,
あるね,,,
歌E信EE,,,
見てるEのチャンネル登録の利点,,,
荁E,,,
荁E,,,
荁E,,,
世界の渋ハルに聞きたいんだけど、EレチEーとかサムネでアピEルしてなぁEね,,,
荁E,,,
荁E,,,
関連動画とか登録とかEすアレ,,,
噂を聞いて来ました、E見でぁE,,,
VC,,,
チャンネル登録しましたEまた来ます、E,,,
こんはるE,,,
金玉連呼してるとぁEさにEE,,,
プレチEーでイキれる期間短かったな,,,
ぁEもE信見てます、E見でぁE,,,
チャンネル登録する人って他Eチャンネルもよく登録する人だよE,,,
プレチEー出したらまた背後かめE部隊やってくるぁE,,,
あ、E見でぁE,,,
登録しました,,,
チEラルタルは生身でハンマE,,,
なぁEぁEE,,,
なぁEぁE,,,
ハンマEつよいなぁE,,,
TUEEEE,,,
野良のときVCでイチャイチャするカチEEルに当たった時は虚無だっぁE,,,
途中でミュートにするキーってありますかEE,,,
EE👏👏,,,
カチEャカチャしてるEこれ,,,
なにせEレチEー時間1日あったかなぁEでは・・・,,,
一生カタカタ鳴ってて荁E,,,
なぁEぁE,,,
EEカチEEルはある意味貴重な体験っぽそう,,,
こんはるａE,,,
おおーナイスゥ,,,
EE👏👏,,,
なぁEぁEE,,,
特定E味方をミュートにする昨日ならありますよ,,,
へー,,,
ジャンプパチEはダメだけどじっぷは,,,
レイスつっめE今日から使ぁEすわ,,,
EEｭ,,,
ジャンパ駁EなのぁE,,,
どぁEてもパスの「ジチEEラインの時間だよ」が「テレタビEズの時間だよ」に聴こえてしまぁE狂気！E,,,
何故か虐されるまんちめEだ,,,
EﾝﾁEEE,,,
まあジチEE掴めなぁEらなんで地面歩けてるEって話になるし,,,
虚空にもジチEEは存在した…EE,,,
紫拡マガ多いな,,,
虚空中なのが本当にずるぁE,,,
チEのガンシールド後ろにも少し欲しくなぁEすか,,,
配信見てるとほんとこE環墁EもスナイパEしなぁE,,,
砂Eしてる（たまたま狙いEE,,,
渋ハルにスチEは無琁E,,,
渋谷ハルは殴り合ぁEぁE,,,
ぁEたそばからEａE,,,
ちめEど,,,
クレーバEは別腹,,,
詰めて近距離戦したほぁE楽しいのわかめE,,,
皁EてゲームのはじまめE,,,
皁Eち始まめE,,,
最終的にはクレーバEで撲殺するから,,,
ハル君E天性のアタチEーだから・・・,,,
純粋に強ぁEめE,,,
クレーバEはチクチクじゃなぁEらE,,,
殴りあぁEぁEEストファイEE,,,
スナイパEしなぁEて話でクレーバEに出くわすE神展開,,,
時代、環墁E左右されなぁE供に クレーバE,,,
暴力こゎぃめぅ…,,,
ハル君E場合アビゲイルよりラシード使ぁEぁEスチE,,,
めぅ…,,,
まんちめE,,,
DMR,,,
なんでみんなまんちめEくるとそうなるE,,,
そE昔、クレーバE,,,
EMP,,,
こんはる！E,,,
gg,,,
gg,,,
EE,,,
gg,,,
gg,,,
EEE,,,
GG,,,
こんはる、E,,,
今度クレーバE見つけたら譲ってください。もっと落ち着ぁE撁Eます、E,,,
クレバで印象皁Eのは最終リレーでひめEこりジャンプE敵を抜ぁEちめEぽんしたやつだな,,,
こんはる、E,,,
おお,,,
今日はしてなぁEがする,,,
チEチEーで見た,,,
スモークをEぁE、敵を掃討する。私E大砲めE,,,
ここ歴代で,,,
はつめさんE枠で言ってたよ,,,
スケチEブックに○○描いてESkeb,,,
ウイングマン今シーズンでどぁEわったEかわからめE,,,
有料お題箱みたいなイメージ,,,
Skeb voiceってリリースされたEぁE,,,
はえ〜Eイスもなのね,,,
え？渋ハルに絵の依頼を！E,,,
こんはるａE,,,
歌もありEE,,,
一人一人の本名でお誕生日おめでとぁEEイスとかいぁEじゃねEE,,,
依頼だから責任なすりつけることがE来てお征E,,,
味方ぁEからぁEかったっぁE,,,
オケなしでもだめなのぁE,,,
渋ハルの没になったエンドロールが欲しい,,,
版権のある歌とか詩とか文章はNGだったE,,,
説明助かるあと一人消えてめE,,,
歌E権利が面倒だからなぁE・・,,,
あくまでも「オリジナル」とぁEことかな,,,
歌詞やメロチEにも権利はあるんやで,,,
「私E大砲よ」も著作権皁Eアウトかな…EE,,,
歌詞にも著作権あるから難しいだろうねー,,,
オリジナルの歌ならいぁEEかな,,,
ナイスゥ,,,
ぁEーぁE,,,
ナイスEE,,,
ナイスゥ,,,
イラストE人に渋谷春画描いてくださいEって言ぁEEはぁEのEE,,,
めEぱりウィングマンEE,,,
みんなスチE,,,
芋づる式に釣れた,,,
こんはるE,,,
こんばんわ,,,
こんはるE,,,
skebeじゃめE,,,
リスク回避のためかE,,,
歌E多E別のサービスがあめE,,,
全俺が泣ぁE,,,
ちなみにVの場吁E次創作ガイドラインをskeb上で設定E来るからそれに準拠する感じよE,,,
良ぁEスチEだよE,,,
はえ、E,,,
win-winだ,,,
渋ハルファンは自炊してる人多いイメージ,,,
エチチ絵描かれてお入るってなんか・・・,,,
自炊しなぁE…ね……,,,
どんな,,,
wingmanの練習方法教えてほしい...,,,
自炊してこうな,,,
そうぁEばウイングマンってどぁEわったEEE,,,
程よくアバウチE,,,
こんはるE。Eイスって細かい持EしてもいぁEすかEE,,,
新環墁Eらすぐ上げんきめE,,,
ナイスEE,,,
なぁEー,,,
なぁEぁE,,,
ナイスゥEE,,,
ナイスゥ,,,
渋ハルはRyzen3700xと2080Ti使ってるよ,,,
ウィングマンはヘッドショチEが最初からスカルピアサー着ぁEるダメージになりました。スカルピアサーは消えました,,,
チャーム可愛いぁE,,,
ぁEまEａE,,,
結構アバウトな感じで頼もうかと思ってたけど、詳しく斁EぁE方が良ぁEんじです…EE,,,
ウィングマEン ウィングマEン,,,
スカルピアサー無くなって火力たかくなった！E,,,
弾を撃ち刁Eた時に自動で武器チェンするめEって解除できますか,,,
なるほどww,,,
ぁEそEこと台本送りつけた方が速い説,,,
チャームぁEけど視界にチラつぁE気が散るE僕だけ！E,,,
キス部からリクエストEイス来たら面白そう,,,
自刁E老EられなぁEら台本の発注からしたぁE,,,
gg,,,
EEE,,,
EEE,,,
gg,,,
EE,,,
gg,,,
gg,,,
パスファ相手だと送E刁EんよなぁE,,,
gg,,,
gg,,,
gg,,,
gg,,,
たかさき姉貴から飛んできそぁE！E,,,
gg,,,
弾を打ち刁EなぁEがリロード早ぁEつってピストル系にもなります！E,,,
オチEセイの真似も依頼できますかↁE,,,
まあそぁEE……,,,
そうぁEば一緒にゲーム権って消費された！E,,,
放送中にもハルくんからチEートEぁEね来て笑っぁE,,,
田舎EスーパEかな,,,
結局ソロじゃめE,,,
ウィングマンはマグナムではなぁEEでリロード速度は琁Eの影響受けなぁEすE,,,
荁E,,,
これがソロモードですか,,,
まーたソロ,,,
ソロ実裁EEめEね,,,
ソロモード実裁EぁE,,,
( 'ρE),,,
プレチEーになるとソロモードが実裁EれるのぁE,,,
ソロモードも期間限定だったけど 実裁E定どぁEんだめE,,,
プレチEー限定でソロスク解除して欲しい,,,
ナイメンEE,,,
gg,,,
gg,,,
EEE,,,
gg,,,
EEE,,,
GG,,,
紫ぁE,,,
EE,,,
Eﾟｰ,,,
gg,,,
まずEAPEXが落ちなぁEぁEなってくれなぁE,,,
メンバE最高！E,,,
メンバE最強十E,,,
一番の強敵はエラーだった…,,,
セルフEイールEE,,,
konnharrururururu,,,
設定しなきゃぁEなぁEね,,,
そうぁEばプラチナランクになりもぁEぁE,,,
セリフEイールだと思う,,,
允EE礼を言ぁEEボタンに割り当てられてたやつ,,,
降りてる敵のセリフが聞こえてるEかと思いまぁE,,,
飛行機でぁEさいのセリフEイールじゃなかったEぁE,,,
違うのぁE,,,
プラチナバッチおめでとぁEE,,,
ナイプラァ,,,
バッジおめでとぁE,,,
こんはる！E,,,
金玉は丁寧に扱ってくれよな,,,
カーゴボット落とせなぁE落とせなくなぁEE,,,
カーゴボット謎に固ぁEね,,,
そろそろスタンプ増える！E,,,
荁E,,,
すいー,,,
自刁E殺めE,,,
クリプトのフィニッシャー 何奪ってるんだめE,,,
下当たってたEかあれ…遠距離武器で狙おぁE,,,
今思うと18個スタンプ使えるの凁Eね…,,,
なるほど,,,
実際コスパEぁE,,,
ドン勝したら言ってた気がする,,,
安定収入だもんね,,,
PayPal,,,
安定E正義,,,
こんはるａE,,,
最佁E00冁Eスタンプ使えてバッジも付いて、実質ファンボックスの中身も見れるからコスパ最髁E,,,
あちち,,,
(ここで壁紙E宣伝を),,,
なぁEぁE,,,
大体、メンバEはスパチャするとぁE,,,
ナイスEE,,,
ランクめEなぁEEEまたギリギリになっちめEめE,,,
プレチEー企画みたいな取れ高EそE時見てただけE人も投げてくれるし,,,
iOSがメンバEなりにくいからなぁ……paypalくん……,,,
本当かな,,,
なぁEぽー,,,
今度めE今度めEって言って夏休みの最終日まで宿題しなぁE生E鑁E,,,
そうぁEば最近メンバEの通知見てなぁEがする,,,
税のせいでキリが悪ぁEEが気になめE,,,
こんはるE,,,
ハルさん…PUBGは…EE,,,
ナイスEE,,,
ナイスゥ,,,
あちーち,,,
セレクトになってる！E,,,
セレクトハボックになってるよ,,,
たぼちめEEずれぁE,,,
タボチャ捨てちめEた…,,,
セボックになってめE,,,
悪意がめEぁE,,,
セボックはまずいですよEE,,,
あっセボックに,,,
荁E,,,
せEチEくんの存在意義とは,,,
荁E,,,
セレクト押した気がしたけど気EせいじゃなかったEぁE,,,
荁E,,,
せEチEのチャージビEムぁEEE,,,
gg,,,
gg,,,
gg,,,
PUBGから送Eた結果,,,
gg,,,
EEE,,,
GG,,,
gg,,,
GG,,,
今Eマップ詰みポイント多すぎやめE,,,
gg,,,
gg,,,
メンバEシチEEこんな種類EったEね,,,
壁紙E、ありまぁE,,,
増税関係なぁEぁE,,,
壁紙細胞E、あります！E,,,
スパチャもメンバEも増税なぁEがすめE,,,
海外賁Eだし関係なぁE思いたい,,,
渋ハル手取りが減ってぁEことは確かだと思う,,,
めEてんEええええええええええええええええええ,,,
EEE,,,
えいむくん最近それ好きE,,,
gg,,,
たEぴぁEE,,,
荁E,,,
トイレでさぼるかー,,,
ふぁEりすさんくらぁEEりに煽らなぁE・・・,,,
百丁E越えなぁE辛そぁE,,,
すごぁEどこわぁEね、収益化取り消しとぁE,,,
動画収益で暮らせるくらい動画作るようになったら確実に配信頻度減るのは確ぁE,,,
金盾ぁE,,,
大きくなると単価も上がるんだっけ！E,,,
銀盾でもきつぁEしょ,,,
ナイスゥ,,,
ナイスゥ,,,
なぁEぁE,,,
そうぁEばVtuberの銀盾100人突破ですってめE,,,
感謝！圧倒的感謝！E,,,
空から戦場を見てみよう,,,
にじさんじの寁E率高いよな,,,
にじさんじ異常すぎめE,,,
にじさんじはにじさんじってジャンルだから,,,
にじさんじってぁE箱が強ぁE,,,
youtubeは剥奪があるからほんと怖い,,,
100人目はにじさんじの社長でした,,,
ランキングみてきたらにじさんじ37人だっぁE,,,
魂がにじさんじだからなE（！E,,,
こんはるでぁE,,,
確かに・・・,,,
ぁEながちめEぁE,,,
怖すぎる……,,,
にじさんじはそもそも面接でだぁEE篩ぁEEけてるからEぁE,,,
FXで溶かした人みたいな顔になめE,,,
加賀美インダストリアルの方でしょ,,,
訓練された視E老EぁEぱぁEるからな,,,
訓練された視E老EぁEぱぁEるからな,,,
こんはる、E,,,
ふぁEりす色、EってるよなぁE,,,
金玉発言気をつけなきゃ…,,,
OP,,,
荁E,,,
金玉ぁEつ・・・来るぞEE馬EE,,,
EEﾞﾁE「また、あったEEE、E,,,
新マップ送EEで見にくい事無ぁEE,,,
そこはほんと凁EよE,,,
今EはキチE,,,
チEューで既に,,,
こんはめE,,,
チEューE収益化感あめE,,,
一瞬で5丁EころぁE丁Eってる最新の新人もいるからEぁE,,,
こんばんE。健屋さんとかすげEよ？多Eにじさんじ冁E楯達E速度の最速が更新されめE,,,
gg,,,
EEE,,,
EEE,,,
gg,,,
gg,,,
こんはるE,,,
5丁E衣裁E露してたら10丁Eなってたりする,,,
GG,,,
EEE,,,
允EE劇めEてたとぁE,,,
世界が違ぁEめE,,,
嘔吐フェチがトレンドEりしたEは笑ったわEE,,,
そこなのよE。にじさんじの場合E戦力E逐次投EがE功してめE,,,
にじさんじチEリー視E老E,,,
でも庁E収E全部がライバEに行ってるわけじめEぁEらどぁEんだろうEってのはあるよE,,,
こんはるE,,,
伸び悩んでたEにぁEなりずっと3000人以上増えた人もいるもんなー,,,
にじさんじそろそろ全員追ぁEE無琁Eなってきました,,,
エビオの伸び方はすごかったよなぁE,,,
まあEロの方が好きだぁE,,,
3Dはホロライブが頭2つくらぁEけてる印象,,,
普通Eマイクラ配信で3丁E趁Eは狂気すら感じる,,,
既ににじさんじ全員を追ぁEとは放棁Eてるよ……,,,
箱推しやってるけど,,,
ナイスゥ,,,
荁E,,,
荁E,,,
荁E,,,
荁E,,,
荁E,,,
荁E,,,
荁E,,,
にじさんじは、性格の悪さを感じることが多くなって見なくなったなー,,,
EEｯEEEEｯEEEｯE,,,
どろEん草,,,
荁E,,,
upd8は箱じゃなかったE.....,,,
ヒEルドローーーん！EE,,,
3000人ぁEば500人の6倍だから5/6もってかれても同じなんだよな,,,
箱ってより枠ってイメージ,,,
枠ってのわかるわー,,,
枠だね,,,
にじさんじ知らなぁE間からすると底なし沼でしかなぁE,,,
774inc推してけEEE,,,
ギルド団体ってイメージ,,,
所属じめEくて参加ですしね,,,
大きくなりすぎてライバE側よりリスナEの信老Eが今怖いのよE,,,
upd8は連合体って感じ,,,
ENTUM、事務所なのに箱じゃなぁEE勿体無ぁEと思う,,,
昔EチャチE欁E残るくらぁEは追ってたんだけどなぁ、にじさんじ,,,
にじさんじはリスナEが一部害悪化してるからな,,,
マスター、Eこさん、ケリン、icotsu、EらキャチEくらぁEったっけか,,,
にじさんじでもなぁEのチャンネルで突然にじさんじの悪口言ぁEEは視E老EしてどぁEと思いますよと書き記す,,,
おっぱぶストアって聞こえて荁E,,,
おっぱぶストアに聞こえた,,,
どんなストアだ,,,
ポップアチEEストアね,,,
荁E,,,
自刁E聞こえてアカリちめEのEEってワクチEしたよE,,,
箱感E薁Eかもね,,,
なぁEぁE,,,
ナイスゥEE,,,
ナイスEE,,,
めEますEぁEE,,,
なぁEぁE,,,
ぁEっすEー,,,
ナイスゥ,,,
ひぁEさん以外EE人もう数か月配信してなぁEらEぁE,,,
上E金Eしてる企業がVに見限りをつけてる感,,,
独自の方向性を模索してるEかもね,,,
エンタム所属EひぁEちめEくらぁEかわからなぁE,,,
エンタム運営からしたらイリアムが箱扱ぁEな,,,
もちひよちめEとぁE,,,
ウカ槁E,,,
ウカ様Eにじさんじとかと勘違ぁEれてた話すき,,,
エンタムの名前が知られてなぁEけで、メンバEは有名,,,
ENTUMの社長はIRIAM成長させたい感じなんだよな,,,
花野蜜ちめEとぁE,,,
IRIAMに注力してぁEのはわかるんだけど、同時にIRIAMからの庁Eが薄ぁEてのもあって閉じたコミュニティになってるEよE,,,
ウカ様Eバイオ勢だと思ってた（！E,,,
こE前ハルくんが言ってた企業の宣伝としてVになるってのが最終目標感はあるよE,,,
ウカ様サラザールミEム概念好きじめEぁEど嫌いじゃなぁE,,,
最近EイリアムみたいにイチナナがVtuber特化しつつあるらしぁE,,,
youtube以外で活動してる人たち正直よくわからん、showroomとかイチナナとぁE,,,
あとニEチEめE実EENTUM,,,
ニEチEんとミディさん,,,
こんばんわ,,,
Eの有名どころ=にじさんじとか思ってそう,,,
イチ…ナナ…,,,
何E所属してほしいかでカプコンて意見あったE荁E,,,
こんはるE,,,
荁E,,,
あEねぁE,,,
ナイスゥ,,,
なぁEぁE,,,
荁E,,,
ナイスEE,,,
こっめE,,,
荁E,,,
危なぁE,,,
なぁEぁE,,,
敵が階段見てたEラチEーだったE,,,
一般通過大砲おEさん,,,
ナイスゥ,,,
白梁Eんがダメを受けてるなぁE,,,
日頁EE行い出てめE,,,
今晩ちめEE,,,
荁E,,,
荁E,,,
流石にカプンコは草よ,,,
落ちそう,,,
配信すぐ落ちそう(ヘリ並愁E,,,
絶対カプンコだったらヘリ乗せられて墜落しそぁE,,,
フラトラに倍スコ着けたら強くなりそぁE,,,
配信が落ちたら「Eリが落ちたな」って言われるんだろうなEE,,,
ケリンみたいに最後墜落オチで終わるんでしょ,,,
荁E,,,
荁E,,,
すぐ落ちるカプンコの配信も面白ぁE,,,
youtubepremium入ってみたんだけど、何かぁEことあるんかな,,,
上手ぁEぁE,,,
gg,,,
EEE,,,
gg,,,
gg,,,
EEE,,,
gg,,,
gg,,,
あとオフラインは船に乗る時大活躍すめE,,,
gg,,,
バックグラウンドE甁E,,,
無料スパチャってありませんでしたEE,,,
後Eオフライン再生くらぁEE,,,
庁EなぁEEほんと良ぁE,,,
配信老E投稿老EとってはプレミアムってどぁEのEE,,,
ほぁEぁE,,,
米津玁Eをストリーミングで聞けるEはYoutubeMusicだけ！E,,,
はえ、E,,,
ウザぁEEのめEがTL流れてたけど全くわからなかっぁE,,,
たしか庁Eって一定秒数再生したら庁Eとして成立するって言われてなかった！E,,,
EEﾁEEEｰE!,,,
感謝しまぁE,,,
庁E見てるEに近い設定なのぁE,,,
Apple,,,
EEｯEE,,,
あEウザいVの庁Eだけみたいからプレミアム解紁EぁE,,,
プレミアム入ってると話題になってる庁EのネタがわからなぁEEはちめEとマイナスかな…,,,
手数料Eジかw,,,
消費税貴様ァァァEEE,,,
ぁE,,,
プレミアムスパチャだEすごい,,,
消費稁E,,,
しなめE,,,
さっき岩上に落とされてスタチEして抜けぁE,,,
消費税ナーフ来なぁEな……,,,
あEぁEいVの庁E、一部Vroid製作老EE規紁EEち破ってて怒り買ってたEよE,,,
荁E,,,
Suica,,,
ひえぇ,,,
おEれぐーぐる mixi解紁EるE,,,
アチEEル君便乗したいだけではEEブEぁEEかしんだ,,,
モチE皁E無許可だろうなってのはわかってぁE,,,
mixiくん生き残ってるEEE,,,
金玉警察だEE,,,
tmtm,,,
ぁE血って表現あやぁEなぁEE,,,
でもさぁ、ニコプレと,,,
カーゴボット落ちた時にシールチEゲージ刁EってくE許さん,,,
ゴールチEボEルをサチEーボEルにした末路,,,
マジでそろそろニコニコ解紁EそうなのよE。ほとんど見てなぁE,,,
今気づぁEけどお持ち帰めE%なのに9%でスパチャしてるわ・・・,,,
カーゴボットでアーマなしで真下にぁEら死にました,,,
武器漁りしてる奴の上でカーボEチE破壊とかロマンだな,,,
カーゴボットで仲間にダウンさせられた話するEE,,,
そんなタライ落としみたいな…,,,
結局レシーバEくんって価値あるんですかEE,,,
あれなんでダメージ判定あるんEいらなくなぁEE,,,
悲しいなぁE,,,
白梁EんもったいなぁEを,,,
E人に勝てるわけなぁEろ！E,,,
FAVRICプレミアム無料中継みたいのあるからつぁE続してしまぁE,,,
レーザー食らっても生きてるEに落ちてくる鉁EE塊くらいガマンしろ,,,
gg,,,
gg,,,
gg,,,
ぬぁEE,,,
荁E,,,
シブハル 炎丁E,,,
荁E,,,
gg,,,
荁E,,,
EEE,,,
荁E,,,
荁E,,,
草、EEE,,,
gg,,,
ぬわぁEE,,,
すげー惁EなぁE末魔で荁E,,,
荁E,,,
荁E,,,
荁E,,,
こんはめE,,,
んなぁEE,,,
荁E,,,
gg,,,
EEEE,,,
荁E,,,
こんばんわ,,,
コラボ告知でたよ,,,
え！E,,,
そうぁEばジチEEラインで飛んでたら蘁Eの飛行船に引っかかって篁E外に飛Eされてた人ぁEめE,,,
こんはるE、E張ってください,,,
おEちめEが告知しためE,,,
ワチEソンだとかなりセンシチEブだめE,,,
こんはるE、E,,,
相変わらず直前告知なしEかが,,,
こんばんEでぁE,,,
ヤバそぁE,,,
人数減ってなくてよかっぁE,,,
PUBG秋Eバグ祭りぞ,,,
荁E,,,
荁E,,,
こんはるE,,,
自慢すれば,,,
そん時Eマウント取ろうぜ。大会五位取ったぞと,,,
ん？EプレチEーぞ？って言っとこう,,,
荁E,,,
覚えとぁE,,,
脳冁EE生余裕でした,,,
脳冁EE生するまでもなく聞こえたよ。幻聴かなEE,,,
なんか刁E抜き動画ができそぁEすE,,,
ハEチEよりオルタネEターなのぁE,,,
わEぁE,,,
こんはるE,,,
荁E,,,
EE,,,
こEフィールドになってからチEミE括紁Eさらに光るようになった気がする,,,
荁E,,,
EE,,,
荁E,,,
ど、どめEとEE,,,
荁E,,,
てんかぁEのおEくろかなEE,,,
それはまずい,,,
どぁEた！E,,,
何でですかE？（純粋な目EE,,,
えEき！E,,,
えEき召喚されそぁE,,,
ハEチEちめEぁE,,,
g7,,,
草生めEた人たちはみんな意味がEかってんE荁E,,,
今Eアネロスが正式名称だから,,,
エネE ら！E,,,
アネロス高いんだよなぁE,,,
今日もまた一つ知識を得られた ハルくんの配信は役に立つなぁE,,,
ナイスEE,,,
タボック好きせぼっく嫌い,,,
セボックのレーザーはロマン砲かな,,,
近距離ピスキこわぁEEEE,,,
たま大きくなったしね,,,
こE前E会い頭に,,,
腕にセルつけてるEロチEマンっぽぁE,,,
(=^ω^)EこんにちはEE,,,
たまにフェニキ,,,
ウイングマンの照準Eケ、E狙いEどぁE神威でぁE 'ρE)/,,,
2ベス天国帯結構ある気がする,,,
アレでしゃがまれると使ってるって油断してしまぁE,,,
ピスキ自刁Eつとほんま弱ぁE,,,
なんか静かですE,,,
なんか静かですE,,,
L,,,
こEまま平和に生きたい,,,
戦力E軒並み安置に回してるんじゃなぁEEE,,,
強化（なんか煙減った？！E,,,
エルスターくん未だ暴れ馬ですからE、、E,,,
出会い頭のピスキはホント強ぁE,,,
荁E,,,
直立不動,,,
後でグチグチ言われそう,,,
こんばんEぁE,,,
こEMAPはジブE恩恵がでかい,,,
タボックマジで人権貰えました。新マップにおいて,,,
gg,,,
ggwp,,,
ナイスゥEE,,,
EEEE,,,
ナイスEGGEE,,,
GG,,,
ggwp!!,,,
EEEａE,,,
EE👏,,,
ggwp,,,
gg,,,
GG佐藤,,,
ggEEEE,,,
EEE,,,
こんはるgg,,,
EEE,,,
ggwp,,,
gg,,,
夕飯の時間だ,,,
助かる,,,
おつかれさまでしたー,,,
おつはるE,,,
EE👏,,,
おつはる！E,,,
おつはるE,,,
おつはる～！E,,,
おつはるE,,,
鼓nnitiha,,,
お疲れ様でしたー,,,
おつはるです！E,,,
おつはるE,,,
またあとでーEω＠チE,,,
おつはるE,,,
おつはるEですE,,,
おつはる！E,,,
おつはるE,,,
ばぁEEあい,,,
お疲れ様でした,,,
おつはるE,,,
おつはるａE,,,
おつはるE,,,
おつはるａE,,,
おつはるです！E,,,
おつはめE,,,
れEざEびーむEE,,,
れEざEびーむ,,,
